chrom,start,end,symbol,distance_to_TSS
chr1,998864,999397,AL390719.47-1,10823
chr1,999399,999604,AL390719.47-1,11194
chr1,1004343,1005146,AL390719.47-1,16437
chr1,1070346,1071080,hsa-mir-200b,21633
chr1,1305474,1306502,RP5-890O3.3,2082
chr1,1358287,1358744,VWA1,2256
chr1,1776987,1777750,GNB1,34986
chr1,1820476,1821168,GNB1,8468
chr1,1922754,1923628,KIAA1751,1944
chr1,2131962,2132747,C1orf86,9958
chr1,2325805,2326447,PEX10,7743
chr1,2368996,2369977,MORN1,23408
chr1,3388677,3389280,ARHGEF16,27879
chr1,3550736,3551333,WDR8,5469
chr1,3738648,3738995,KIAA0562,24835
chr1,3738997,3739245,KIAA0562,24535
chr1,4123343,4124243,RP11-374C13.1,12025
chr1,6140266,6141220,CHD5,22026
chr1,6239204,6240090,GPR153,3974
chr1,6242140,6242909,GPR153,1097
chr1,6465762,6466485,TNFRSF25,17269
chr1,6594235,6594910,PHF13,1759
chr1,6605277,6605879,THAP3,1934
chr1,7211185,7211898,U1,9535
chr1,8173915,8174474,RP11-431K24.2,1724
chr1,8177277,8177834,RP11-431K24.2,5085
chr1,8180389,8181452,U1,8323
chr1,8185306,8185737,U1,3722
chr1,8185757,8186400,U1,3165
chr1,9020601,9021766,SLC2A7,12193
chr1,9308609,9309040,SPSB1,33254
chr1,9845534,9845978,CLSTN1,38620
chr1,10001258,10001688,UBE4B,14129
chr1,10733808,10734356,CASZ1,45211
chr1,10734722,10735563,CASZ1,44151
chr1,11036078,11036652,SRM,6312
chr1,11114361,11115148,AL391561.20,20239
chr1,11466674,11467075,PTCHD2,4993
chr1,11467077,11467181,PTCHD2,5248
chr1,11467183,11467591,PTCHD2,5506
chr1,11957812,11958670,MFN2,4714
chr1,12414271,12414856,AL109757.14,22673
chr1,12436444,12437136,AL109757.14,44900
chr1,12468310,12468769,AL031296.1,44522
chr1,12468938,12469666,AL031296.1,43759
chr1,12532063,12532677,AL031296.1,19309
chr1,12532679,12533101,U6atac,19796
chr1,12582801,12583602,DHRS3,17179
chr1,13712878,13713636,LRRC38,429
chr1,13776812,13777641,PDPN,5612
chr1,15428913,15429591,FHAD1,6555
chr1,15604041,15604962,EFHD2,4518
chr1,15662160,15662679,RP11-265F14.1,6609
chr1,15681826,15682804,RP11-265F14.2,7133
chr1,15999697,15999959,RP11-169K16.7,6902
chr1,16713077,16713428,U1,114
chr1,16807128,16808359,NBPF1,4825
chr1,16820278,16820589,NBPF1,7865
chr1,16912344,16912801,ESPNP,6666
chr1,17254975,17255809,SDHB,2141
chr1,17258682,17259270,SDHB,5725
chr1,17297819,17298413,PADI2,20418
chr1,17436258,17436471,PADI3,11815
chr1,17444429,17444837,PADI3,3546
chr1,17503141,17503766,PADI4,3823
chr1,17513577,17513879,PADI4,6452
chr1,17513881,17514541,PADI4,6935
chr1,17514927,17515448,PADI4,7911
chr1,17611304,17611772,RCC2,27268
chr1,17667793,17668704,RCC2,29442
chr1,17671633,17672385,RCC2,33203
chr1,17719195,17719559,ARHGEF10L,19539
chr1,17719561,17720098,ARHGEF10L,19087
chr1,17724265,17725038,ARHGEF10L,14265
chr1,17728314,17729154,ARHGEF10L,10182
chr1,17758941,17759709,ARHGEF10L,20409
chr1,17760507,17760962,ARHGEF10L,21818
chr1,17761020,17761418,ARHGEF10L,22303
chr1,17776418,17777363,ARHGEF10L,37974
chr1,19055044,19055352,TAS1R2,3543
chr1,19076106,19076682,TAS1R2,17653
chr1,19130735,19131286,IFFO2,23919
chr1,19555521,19556337,PQLC2,44603
chr1,19624811,19625356,AL445163.22,1619
chr1,19670913,19671338,CAPZB,13468
chr1,19671340,19671370,CAPZB,13238
chr1,19671372,19671945,CAPZB,12935
chr1,19686483,19687389,CAPZB,2343
chr1,19781068,19781840,C1orf151,14599
chr1,19792134,19792923,C1orf151,3525
chr1,19795545,19795676,C1orf151,443
chr1,19795678,19796232,C1orf151,98
chr1,21600716,21601593,RP11-560O15.1,4088
chr1,22002608,22003410,LDLRAD2,8335
chr1,22103821,22104694,RP11-26H16.1,2920
chr1,22611660,22612025,ZBTB40,39088
chr1,22612027,22612056,ZBTB40,38889
chr1,22612058,22612497,ZBTB40,38653
chr1,22668247,22669158,ZBTB40,17772
chr1,22671374,22672264,ZBTB40,20889
chr1,22672266,22672328,ZBTB40,21367
chr1,22672330,22672874,ZBTB40,21672
chr1,22726221,22726632,EPHA8,36164
chr1,22824941,22825553,C1QA,10457
chr1,23505239,23506055,HNRNPR,37792
chr1,23672429,23672956,ASAP3,10592
chr1,23730028,23730430,E2F2,70
chr1,24156181,24156805,PNRC2,2411
chr1,24200148,24200865,RPL36P5,7089
chr1,24217569,24218499,RPL36P5,10439
chr1,24766971,24767946,RP11-496D1.2,4781
chr1,24769487,24770111,RP11-496D1.2,7122
chr1,24799573,24800457,RP11-496D1.2,37338
chr1,24804389,24805482,SRRM1,37245
chr1,24831600,24832136,SRRM1,10312
chr1,24832138,24832366,SRRM1,9928
chr1,24968679,24969413,CLIC4,24612
chr1,25657653,25658078,TMEM57,27860
chr1,25658080,25658325,TMEM57,28197
chr1,25767117,25767778,AL606491.19-1,14225
chr1,25770677,25771358,AL606491.19-1,10655
chr1,25955825,25956223,SEPN1,43229
chr1,25956263,25956720,SEPN1,42762
chr1,26560719,26561364,AL451139.40,7868
chr1,27113229,27113921,NR0B2,529
chr1,27145954,27146623,C1orf172,13195
chr1,27147233,27147669,C1orf172,12032
chr1,27843889,27844768,CCDC72,4188
chr1,28362319,28362832,AL137792.11-3,20637
chr1,28362834,28363206,AL137792.11-3,21082
chr1,28719226,28719908,AL513497.21-1,2993
chr1,31060900,31061632,7SK,27990
chr1,31151125,31151821,SDC3,2593
chr1,31441934,31442550,NKAIN1,42743
chr1,31475028,31475492,NKAIN1,9725
chr1,31504010,31504842,RP11-490K7.4,4689
chr1,31613865,31614206,FABP3,4474
chr1,31614208,31614939,FABP3,3936
chr1,31658374,31658679,SERINC2,3528
chr1,31899401,31900122,PEF1,16698
chr1,31939578,31940116,COL16A1,2659
chr1,31983174,31983906,BAI2,18987
chr1,32068584,32069015,SPOCD1,14590
chr1,32069017,32069743,SPOCD1,15171
chr1,32080920,32081651,SPOCD1,27076
chr1,32118401,32118909,AL136115.21,33105
chr1,32176770,32177287,PTP4A2,454
chr1,32571073,32571524,MARCKSL1,3122
chr1,32644794,32645169,RP11-395N6.1,3679
chr1,33243898,33244277,RP4-803A2.2,18948
chr1,33246231,33246940,AL020995.14,21178
chr1,34934463,34935007,hsa-mir-552,26854
chr1,35025674,35026124,GJA4,5286
chr1,35026583,35026852,GJA4,4468
chr1,35063157,35063727,GJA4,32257
chr1,35063729,35064283,GJA4,32821
chr1,35104526,35105045,C1orf212,6852
chr1,35831678,35832406,TFAP2E,20485
chr1,36442269,36442602,THRAP3,20190
chr1,36646346,36647290,U4,5772
chr1,36837166,36837552,RP4-655C4.1,31163
chr1,37276872,37277309,GRIK3,4660
chr1,37496521,37496780,AL353604.18,6323
chr1,37733384,37734287,AL034379.8,5720
chr1,37851058,37851838,GNL2,17340
chr1,37892271,37892650,RSPO1,19279
chr1,37961350,37961997,Y_RNA,14639
chr1,38031302,38032060,MANEAL,679
chr1,38055598,38056189,YRDC,9442
chr1,38073057,38073769,RP11-109P14.8,5831
chr1,38361674,38361975,RP5-884C9.3,42653
chr1,38361977,38362550,RP5-884C9.3,43092
chr1,38659720,38660563,U6,25224
chr1,39381033,39381629,5S_rRNA,11223
chr1,40379309,40380050,RP11-115D7.3,8659
chr1,40934404,40935352,AL031289.1-2,4611
chr1,41042221,41042699,SRP_euk_arch,644
chr1,41157476,41158249,RP11-348A7.1,20159
chr1,41161942,41162614,RP11-348A7.1,15743
chr1,41601605,41602009,FOXO6,1627
chr1,41733915,41734363,EDN2,11256
chr1,41734569,41735158,EDN2,11980
chr1,41739340,41739752,EDN2,16663
chr1,41739784,41740288,EDN2,17153
chr1,42390225,42390952,GUCA2B,1090
chr1,42895614,42896237,PPIH,709
chr1,42896239,42896721,PPIH,154
chr1,43231787,43232500,U6,2448
chr1,44069237,44069717,RP4-654J19.1,20514
chr1,44167697,44168192,ARTN,3634
chr1,44168194,44168444,ARTN,3259
chr1,44305882,44306473,RP5-1198O20.5,20174
chr1,45057725,45057891,U5,447
chr1,45057893,45058128,U5,245
chr1,45542879,45543607,HPDL,21888
chr1,45547535,45548425,HPDL,17151
chr1,45567771,45568322,HPDL,2915
chr1,45755133,45755710,PRDX1,4774
chr1,45757662,45758010,PRDX1,2359
chr1,46090978,46091641,RP11-735A5.1,5443
chr1,46644254,46644619,AL122001.32-2,10318
chr1,46716824,46717381,DMBX1,28152
chr1,46996369,46996723,RP11-8J9.5,16094
chr1,47688143,47689228,FOXD2,14410
chr1,48010151,48010657,AL691459.25,29476
chr1,48020363,48020974,AL691459.25,19212
chr1,51535698,51536163,AL671986.7-2,11088
chr1,51536165,51536196,AL671986.7-2,10838
chr1,51536198,51536320,AL671986.7-2,10759
chr1,51544842,51546172,AL671986.7-2,1511
chr1,51559644,51560174,AL671986.7-2,12891
chr1,51779959,51780782,AC104170.2,3382
chr1,51805703,51806436,OSBPL9,9369
chr1,53650026,53650900,RP4-796B4.1,27170
chr1,54728908,54729814,AC099796.2,9535
chr1,56759292,56759872,RP11-213P13.1,17129
chr1,56786231,56786664,RP11-213P13.1,9736
chr1,57026819,57027367,C1orf168,30538
chr1,57049391,57050209,C1orf168,7831
chr1,60094804,60095594,HOOK1,42079
chr1,60174910,60175273,AC113175.2-2,1326
chr1,61880558,61880984,RP11-430G17.1,11637
chr1,61880986,61881073,RP11-430G17.1,11379
chr1,64674502,64675304,CACHD1,34159
chr1,65117599,65118242,RP11-182I10.1,38792
chr1,65221440,65222123,AL606517.14,2569
chr1,65282320,65283488,hsa-mir-101-1,13874
chr1,65856915,65857736,RP11-430H12.2,40675
chr1,67847436,67847945,AL139258.13-1,47708
chr1,70394932,70395529,AL353771.8-1,23479
chr1,74890769,74891596,C1orf173,20827
chr1,77010678,77011332,U6,19594
chr1,81405196,81406020,RP3-445O10.1,41232
chr1,84997838,84998715,AC104169.2,33193
chr1,85742564,85743148,DDAH1,39446
chr1,87712827,87713190,5S_rRNA,21365
chr1,88747448,88748242,RP11-76N22.1,10899
chr1,89843961,89844322,LRRC8C,27100
chr1,89981317,89981934,AC093423.2,24839
chr1,93232313,93232674,AC093577.2-2,9984
chr1,94146571,94147074,GCLM,777
chr1,94147076,94147637,GCLM,243
chr1,94595574,94596551,RP11-366L18.1,48957
chr1,95362983,95363810,Y_RNA,356
chr1,101441959,101442940,AL109741.19-1,24459
chr1,107401200,107401460,PRMT6,507
chr1,107401889,107402010,PRMT6,1126
chr1,107402012,107402282,PRMT6,1324
chr1,108280455,108281374,VAV3,28153
chr1,108543289,108543887,SLC25A24,908
chr1,108897868,108898692,FAM102B,5953
chr1,109459657,109460415,KIAA1324,1981
chr1,109481923,109482583,KIAA1324,24198
chr1,109495066,109496002,KIAA1324,37479
chr1,109496384,109496988,KIAA1324,38631
chr1,109543194,109543777,SARS,14577
chr1,109584046,109584142,CELSR2,10069
chr1,109584144,109584316,CELSR2,9933
chr1,109584318,109584763,CELSR2,9623
chr1,109590097,109590893,CELSR2,3668
chr1,109594965,109595416,CELSR2,1027
chr1,109618831,109619106,PSRC1,8362
chr1,109619108,109619333,PSRC1,8110
chr1,109630990,109631489,PSRC1,3909
chr1,110069474,110070083,GSTM5,13391
chr1,110294429,110295395,AHCYL1,33918
chr1,110442592,110442954,UBL4B,13811
chr1,110510120,110510525,SLC6A17,15692
chr1,110536512,110537223,KCNC4,18720
chr1,110589840,110590630,SNORA25,26393
chr1,110682590,110682865,RBM15,4689
chr1,110879803,110880237,KCNA10,17038
chr1,110956674,110957215,KCNA2,18674
chr1,111090679,111091270,Y_RNA,17676
chr1,111127527,111128170,Y_RNA,19198
chr1,111852827,111853271,U6,18482
chr1,111857085,111857607,U6,22779
chr1,111857609,111858310,U6,23392
chr1,111858665,111859419,U6,24475
chr1,112322945,112323332,KCND3,10161
chr1,113057479,113058126,PPM1J,1670
chr1,113561518,113562079,RPS15P1,18829
chr1,113732863,113733292,MAGI3,1920
chr1,114320521,114321642,OLFML3,2471
chr1,114344462,114345046,RP4-590F24.2,1628
chr1,115013982,115014180,DENND2C,173
chr1,115014182,115014345,DENND2C,9
chr1,115014535,115015011,DENND2C,519
chr1,115060916,115061193,NRAS,17
chr1,115101015,115101415,CSDE1,931
chr1,115102180,115102246,CSDE1,67
chr1,115102248,115102607,CSDE1,281
chr1,115124938,115125278,RP5-1000E10.4,280
chr1,115373085,115373801,TSHB,494
chr1,116009647,116009987,VANGL1,23721
chr1,116155326,116155710,NHLH2,32542
chr1,116155712,116155779,NHLH2,32315
chr1,116159940,116160300,NHLH2,27940
chr1,116352911,116353408,SLC22A15,32518
chr1,116354617,116355485,SLC22A15,34410
chr1,116612231,116612908,AL355538.13-1,10181
chr1,116634183,116634617,U3,11650
chr1,116843300,116843907,AL390066.5-1,34633
chr1,116852702,116853229,AL390066.5-1,25271
chr1,116996626,116997207,IGSF3,14920
chr1,116997209,116997709,IGSF3,14377
chr1,117135905,117136485,RP4-655N15.3,16428
chr1,117203147,117203634,AL157904.24,45904
chr1,117223878,117224267,AL157904.24,25222
chr1,117328795,117329201,IGSF2,16906
chr1,117357198,117358047,IGSF2,11718
chr1,117362234,117362708,IGSF2,16567
chr1,117525816,117526478,VTCN1,28928
chr1,117569977,117570593,VTCN1,15210
chr1,117612868,117613666,SRP_euk_arch,25615
chr1,117934372,117934746,FAM46C,15567
chr1,117936498,117936715,FAM46C,13520
chr1,117936717,117936833,FAM46C,13351
chr1,118103155,118103540,AL390877.1,19303
chr1,118161740,118162289,AL390877.1,39364
chr1,119814928,119815416,AL359553.14-2,3806
chr1,119815418,119815718,AL359553.14-2,4202
chr1,120124057,120124815,HMGCS2,11396
chr1,120127436,120128223,HMGCS2,14789
chr1,143245365,143246056,U1,316
chr1,143641676,143642306,U2,14037
chr1,143643993,143644190,U2,11937
chr1,143644301,143644567,U2,11594
chr1,143644569,143644914,U2,11287
chr1,143700877,143701258,U2,45039
chr1,143704233,143704747,U2,48462
chr1,143704817,143705218,U2,48989
chr1,143741140,143742028,PDE4DIP,45967
chr1,143750734,143750979,PDE4DIP,36695
chr1,143750981,143751017,PDE4DIP,36552
chr1,143751019,143751198,PDE4DIP,36443
chr1,143751200,143751416,PDE4DIP,36243
chr1,143770249,143771090,PDE4DIP,16882
chr1,144094086,144094572,U1,216
chr1,144107069,144107313,U1,13078
chr1,144107315,144107808,U1,13448
chr1,144107810,144108292,U1,13938
chr1,144110553,144111081,HFE2,13810
chr1,144168520,144168779,POLR3GL,13094
chr1,144168781,144169022,POLR3GL,12842
chr1,144181521,144181757,POLR3GL,104
chr1,144254370,144254475,ANKRD35,6150
chr1,144254477,144254801,ANKRD35,5933
chr1,144321827,144322120,POLR3C,320
chr1,144322122,144322464,POLR3C,0
chr1,144437397,144438581,CD160,11019
chr1,145022772,145023202,U1,61
chr1,145048145,145048358,RP11-325P15.3,14479
chr1,145110463,145111069,PRKAB2,14
chr1,145476851,145477232,BCL9,2764
chr1,145477529,145478198,BCL9,1942
chr1,145608078,145608635,ACP6,631
chr1,145608637,145608748,ACP6,295
chr1,145608750,145608888,ACP6,168
chr1,145655271,145655778,AL365260.11,27517
chr1,145655810,145656514,AL365260.11,28155
chr1,145658556,145659080,AL365260.11,30811
chr1,146193957,146194494,U1,8149
chr1,146202398,146202567,U1,108
chr1,146202569,146203057,U1,439
chr1,146608164,146608446,U1,217
chr1,147476158,147476657,AL356957.27-5,2237
chr1,147490057,147490386,U1,623
chr1,147490388,147491042,U1,129
chr1,148123854,148124181,HIST2H2BE,808
chr1,148124183,148124318,HIST2H2BE,575
chr1,148125028,148125493,HIST2H2AC,112
chr1,148138029,148138144,HIST2H2AB,11997
chr1,148138146,148138242,HIST2H2AB,12105
chr1,148138244,148138501,HIST2H2AB,12283
chr1,148154062,148154443,SV2A,1805
chr1,148249163,148249502,OTUD7B,23
chr1,148254535,148255097,OTUD7B,5507
chr1,148255851,148256812,OTUD7B,7022
chr1,148402053,148402675,PLEKHO1,14368
chr1,148452509,148452713,SRP_euk_arch,2058
chr1,148452715,148452963,SRP_euk_arch,2286
chr1,148474998,148475439,ANP32E,135
chr1,148532467,148533094,MRPS21,112
chr1,148603168,148603362,RPRD2,55
chr1,148703767,148704280,TARS2,22493
chr1,148726008,148726561,TARS2,232
chr1,149050566,149051221,U6,904
chr1,149220864,149221373,ANXA9,59
chr1,149243076,149243650,FAM63A,2593
chr1,149245017,149245481,FAM63A,707
chr1,149245483,149245888,FAM63A,271
chr1,149245890,149245932,FAM63A,45
chr1,149245934,149246149,FAM63A,85
chr1,149247014,149247618,PRUNE,260
chr1,149493329,149493801,PSMD4,243
chr1,149568935,149569736,PI4KB,2521
chr1,149753075,149753564,CGN,2823
chr1,149753566,149753651,CGN,3112
chr1,150005554,150006072,MRPL9,3150
chr1,150029094,150029647,TDRKH,1145
chr1,150029788,150030181,TDRKH,531
chr1,150040007,150040530,LINGO4,4237
chr1,150076012,150076398,Y_RNA,4731
chr1,150078784,150078996,Y_RNA,2046
chr1,150233168,150233731,S100A10,112
chr1,150238127,150238453,S100A10,4953
chr1,150240984,150241412,S100A10,7861
chr1,150286880,150287401,S100A11,11006
chr1,150291716,150292141,S100A11,15794
chr1,150982307,150982675,RP1-43O17.2,907
chr1,150982677,150982968,RP1-43O17.2,576
chr1,151603323,151603781,S100A9,6599
chr1,151604434,151604975,S100A9,7751
chr1,151749928,151750633,SRP_euk_arch,10417
chr1,151759275,151759995,S100A6,15708
chr1,152433100,152433486,hsa-mir-190b,451
chr1,152568286,152568591,ATP8B2,3785
chr1,152568593,152568913,ATP8B2,4100
chr1,152579578,152580177,ATP8B2,15224
chr1,153101959,153102581,KCNN3,7107
chr1,153180540,153181333,PMVK,4829
chr1,153330093,153330634,EFNA3,12392
chr1,153927077,153927420,DAP3,1776
chr1,154227367,154227992,ARHGEF2,1192
chr1,154338676,154339146,LMNA,19919
chr1,154519237,154519596,TMEM79,54
chr1,154852951,154853374,HAPLN2,2547
chr1,155067476,155068316,SH2D2A,14647
chr1,155078917,155079856,INSRR,15903
chr1,155156545,155157059,C1orf92,245
chr1,155222097,155222764,SRP_euk_arch,34
chr1,158297793,158298419,KCNJ10,8478
chr1,158671136,158672016,VANGL2,34589
chr1,159072688,159073393,RP11-312J18.3,11384
chr1,159355196,159355431,NIT1,799
chr1,159355433,159355676,NIT1,1040
chr1,159802793,159803035,FCGR3A,15910
chr1,159884197,159884790,FCGR2B,15081
chr1,159957871,159958546,FCRLB,232
chr1,160566066,160566905,hsa-mir-556,12474
chr1,161083354,161083863,C1orf110,21620
chr1,162942832,162943303,AL391001.12-1,3893
chr1,162951973,162952720,AL391001.12-1,13172
chr1,162983980,162984568,AL391001.12-1,45100
chr1,162984570,162985233,AL391001.12-1,45727
chr1,163563950,163564644,LMX1A,28278
chr1,163602827,163603932,LMX1A,10804
chr1,163725856,163726793,RP11-541H12.1,7260
chr1,164275665,164276260,5S_rRNA,2142
chr1,164839195,164839903,FMO9P,1068
chr1,164977290,164977903,RPL4P2,5621
chr1,167002476,167003041,AL049798.7,19015
chr1,167142904,167143469,RP11-375F2.1,9189
chr1,167344749,167345222,ATP1B1,3427
chr1,167765086,167765865,Z99572.1,43472
chr1,167926118,167926481,SELL,21161
chr1,169494320,169494727,Y_RNA,4739
chr1,170866232,170867217,FASLG,28052
chr1,170875239,170875416,FASLG,19449
chr1,170875418,170875936,FASLG,19099
chr1,170982174,170982828,RP3-332O11.1,1821
chr1,171712679,171713071,PRDX6,233
chr1,171735370,171736235,PRDX6,22694
chr1,172103952,172104499,ZBTB37,383
chr1,172254182,172255019,RC3H1,25768
chr1,174566460,174567284,RP11-357J22.1,25019
chr1,175299783,175300224,hsa-mir-488,34800
chr1,176267777,176268286,AL359075.15,5676
chr1,176961382,176962017,RALGPS2,777
chr1,178101995,178102886,AL359853.18-1,11098
chr1,178110299,178111426,AL359853.18-1,2676
chr1,178402493,178402817,QSOX1,12065
chr1,178402819,178402945,QSOX1,12292
chr1,178403221,178403578,QSOX1,12809
chr1,178403580,178404375,QSOX1,13387
chr1,178410208,178410616,QSOX1,19822
chr1,178464202,178464783,LHX4,1572
chr1,179362693,179363281,IER5,38517
chr1,179369300,179369946,IER5,45153
chr1,179676646,179677050,AL160059.7-3,18182
chr1,180550898,180551491,U6,11631
chr1,180839576,180840018,RGS16,335
chr1,180869471,180870067,RGS16,29637
chr1,180881910,180882510,RGS8,29666
chr1,180882588,180882987,RGS8,29089
chr1,180906632,180907319,RGS8,4901
chr1,181189180,181189864,C1orf14,347
chr1,181258005,181258463,LAMC1,983
chr1,181259597,181260203,LAMC1,683
chr1,181458659,181459157,LAMC2,37112
chr1,181485269,181485709,RP11-548N1.1,16870
chr1,181517288,181517633,RP11-548N1.1,15101
chr1,181690128,181690878,SMG7,17753
chr1,181707735,181708137,SMG7,320
chr1,181841442,181842276,NCF2,15226
chr1,182608967,182609403,C1orf21,13587
chr1,182644229,182644866,AL078645.31,20957
chr1,182783578,182783944,GS1-115G20.2,18506
chr1,183553302,183553622,IVNS1ABP,372
chr1,183553624,183553766,IVNS1ABP,605
chr1,183881868,183882653,Y_RNA,12324
chr1,184898482,184899178,PTGS2,17348
chr1,185931632,185932163,RP11-393M18.4,10417
chr1,191294959,191295197,TROVE2,297
chr1,195267948,195268787,F13B,34652
chr1,196891167,196891934,PTPRC,17127
chr1,197175103,197175673,AC096631.2,9504
chr1,198107016,198107724,RP11-567B20.1,5358
chr1,198144919,198145298,RP11-567B20.2,437
chr1,198154309,198154821,RP11-567B20.2,9894
chr1,198230814,198231377,U6,13265
chr1,198252425,198253312,U6,2323
chr1,198342570,198343075,AC096633.2-3,37762
chr1,198349998,198351152,AC096633.2-3,30009
chr1,198354586,198354923,AC096633.2-3,25830
chr1,198572559,198573581,AC097065.2-1,8459
chr1,198664807,198665656,ZNF281,19443
chr1,199124766,199125202,C1orf106,2307
chr1,199171819,199172318,U6,2871
chr1,199280922,199281489,KIF21B,21755
chr1,199295712,199296233,KIF21B,36522
chr1,199321871,199322259,CACNA1S,26251
chr1,199385163,199385490,TMEM9,21998
chr1,199392272,199392716,TMEM9,14830
chr1,199405579,199406237,TMEM9,1416
chr1,199589105,199589774,TNNT2,23991
chr1,199730971,199731663,CSRP1,13889
chr1,199833800,199834176,NAV1,25235
chr1,200251754,200252404,ELF3,8384
chr1,200254540,200254571,RP11-510N19.2,9801
chr1,200254573,200254923,RP11-510N19.2,9608
chr1,200258934,200259707,RP11-510N19.2,5036
chr1,200294464,200294847,RP11-510N19.3,19054
chr1,200341051,200341696,RP11-510N19.4,8864
chr1,200342107,200342641,RP11-510N19.4,9865
chr1,200343060,200343389,RP11-510N19.4,10715
chr1,200343498,200343651,RP11-510N19.4,11065
chr1,200343653,200343909,RP11-510N19.4,11272
chr1,200343944,200344563,RP11-510N19.4,11744
chr1,200348579,200349168,GPR37L1,9778
chr1,200367829,200368154,GPR37L1,9340
chr1,200368156,200368326,GPR37L1,9590
chr1,200368328,200368976,GPR37L1,10001
chr1,200437701,200438653,AL356953.17-1,4696
chr1,200462143,200462604,AL356953.17-2,5045
chr1,200462659,200463127,AL356953.17-2,4525
chr1,200489718,200490686,AL356953.17-2,22784
chr1,200503557,200504350,AL356953.17-2,36535
chr1,200505402,200505995,AL356953.17-2,38280
chr1,200571002,200571975,UBE2T,6218
chr1,200824881,200825617,AC118556.2,2814
chr1,201295099,201295636,MYOG,26632
chr1,201322438,201322825,MYOG,632
chr1,201322827,201323105,MYOG,967
chr1,201325041,201325734,ADORA1,1017
chr1,201337593,201338428,ADORA1,11606
chr1,201381716,201382305,MYBPH,29554
chr1,201520407,201520846,BTG2,20660
chr1,201754895,201755859,OPTC,25484
chr1,201835689,201836316,ATP2B4,26309
chr1,201841163,201841841,ATP2B4,20809
chr1,202167565,202168354,RP11-450D21.2,22431
chr1,202365808,202366403,ETNK2,21648
chr1,202368034,202368368,ETNK2,19552
chr1,202376897,202377635,ETNK2,10487
chr1,202380903,202381662,ETNK2,6471
chr1,202384602,202384929,ETNK2,2988
chr1,202384962,202385382,ETNK2,2581
chr1,202416317,202416817,RP11-203F10.1,2189
chr1,202616278,202616831,RP11-739N20.3,13737
chr1,202616833,202617404,RP11-739N20.3,13173
chr1,202999443,202999988,SCARNA20,35974
chr1,203771838,203772652,PCTK3,31896
chr1,203821082,203821619,U6,9441
chr1,204182709,204183338,SLC26A9,3813
chr1,204364354,204365090,RP11-38J22.2,18046
chr1,204476941,204477377,CTSE,6922
chr1,204719258,204719537,IKBKE,8979
chr1,204761340,204761660,RP11-534L20.4,7370
chr1,204851981,204852422,LGTN,325
chr1,204852424,204852585,LGTN,22
chr1,204871125,204871510,DYRK3,4587
chr1,204928847,204929261,MAPKAPK2,4143
chr1,204931578,204932035,RP11-343H5.4,3998
chr1,204970657,204971243,Y_RNA,17109
chr1,205036782,205037412,IL19,1740
chr1,205081884,205082436,IL20,23161
chr1,205083629,205084499,IL20,21257
chr1,205087492,205088314,IL20,17418
chr1,205104670,205105181,IL20,396
chr1,205105183,205105535,IL20,38
chr1,205135353,205135778,IL24,1846
chr1,205135780,205136320,IL24,1361
chr1,205138508,205139102,IL24,1394
chr1,205141175,205141689,IL24,4021
chr1,205141691,205141951,IL24,4410
chr1,205149212,205149459,RPL13AP8,1749
chr1,205149461,205149527,RPL13AP8,1908
chr1,205149655,205150102,RPL13AP8,2292
chr1,205150104,205150210,RPL13AP8,2571
chr1,205481504,205482171,RP11-6J21.1,16072
chr1,205556046,205556573,CD55,5178
chr1,205561052,205561518,CD55,202
chr1,206190921,206191311,CD34,39811
chr1,207786180,207786863,CAMK1G,37146
chr1,209353355,209354141,KCNH1,20331
chr1,209498867,209499314,RCOR3,435
chr1,209742390,209742859,RD3,9743
chr1,209761418,209762169,RD3,28912
chr1,209843539,209844117,SLC30A1,25107
chr1,210168287,210168655,RP11-565J7.1,7742
chr1,210317829,210318660,AL606468.8,21395
chr1,210378251,210379157,AL606468.8,39065
chr1,210706952,210707399,NENF,34273
chr1,210797751,210798386,ATF3,7251
chr1,212224845,212225558,PROX1,3281
chr1,212567318,212568080,SMYD2,46501
chr1,213241473,213241894,KCNK2,3824
chr1,213241896,213241968,KCNK2,3575
chr1,213241970,213242239,KCNK2,3403
chr1,213665123,213665802,RP11-199H2.1,49013
chr1,213780267,213780861,KCTD3,26793
chr1,213806743,213807579,KCTD3,196
chr1,213823176,213824018,KCTD3,16240
chr1,215365794,215366347,ESRRG,11649
chr1,215871023,215871320,SPATA17,117
chr1,217900941,217901682,AC096643.2-2,2030
chr1,218577732,218578336,RPLP0P5,20471
chr1,221389198,221389513,TLR5,6109
chr1,221675599,221676251,C1orf65,42535
chr1,221909484,221910172,CAPN8,10187
chr1,221937765,221938464,U6,6261
chr1,222458934,222459682,DEGS1,21758
chr1,223158281,223159008,DNAH14,25347
chr1,223177948,223178865,DNAH14,5585
chr1,223704588,223705566,LBR,21936
chr1,225200267,225201077,RP5-1087E8.2,11918
chr1,225235088,225235605,RP5-1087E8.2,22756
chr1,226188770,226189527,WNT9A,13073
chr1,226686009,226686857,HIST3H3,6785
chr1,226938300,226939165,RHOU,1242
chr1,227350478,227350999,AL162595.17-1,33285
chr1,227363849,227364611,AL162595.17-1,19793
chr1,227364613,227365452,AL162595.17-1,18991
chr1,227367725,227368371,AL162595.17-1,15975
chr1,227423527,227423859,TMEM78,28312
chr1,227423861,227424097,TMEM78,28026
chr1,227425751,227426595,TMEM78,25832
chr1,227479881,227480167,AL162595.17-2,6056
chr1,227480169,227480376,AL162595.17-2,6304
chr1,227584239,227584932,AL160004.18-1,912
chr1,228553771,228554370,AL691479.15,35472
chr1,228883110,228883700,AGT,33158
chr1,229874553,229875246,U5,1896
chr1,230395204,230395877,RP11-284L19.1,29002
chr1,232755442,232755902,U8,39971
chr1,233069491,233070134,Y_RNA,29470
chr1,233077977,233078295,SRP_euk_arch,28419
chr1,233078297,233078558,SRP_euk_arch,28128
chr1,233078560,233079472,SRP_euk_arch,27539
chr1,233525628,233526704,RP11-382D8.4,364
chr1,233599734,233600374,TBCE,2704
chr1,233860454,233860785,RP11-365D9.1,16023
chr1,233871395,233872430,GNG4,8764
chr1,235394474,235395064,AL391809.21,44040
chr1,240031129,240031776,RP11-553N16.1,30407
chr1,242532819,242533646,C1orf100,49327
chr1,243185236,243185913,7SK,11744
chr1,243219868,243220332,AL356512.19,19639
chr1,243486944,243487951,RP11-62I21.2,25566
chr1,243565913,243566935,AL359983.7,33834
chr1,247072844,247073864,SH3BP5L,13422
chr10,124388,124785,IL9RP2,2382
chr10,126082,126664,IL9RP2,4169
chr10,142523,143605,IL9RP2,20860
chr10,162463,162799,ZMYND11,8011
chr10,162801,163609,ZMYND11,7437
chr10,440480,440823,AL603831.23-1,25792
chr10,471960,472754,AL603831.23-1,5914
chr10,768503,769169,DIP2C,43319
chr10,1006297,1006717,AL359878.13-2,17773
chr10,5520136,5520702,CALML5,11098
chr10,5525631,5526120,CALML5,5642
chr10,5528573,5528973,CALML5,2744
chr10,5535449,5535930,CALML5,4172
chr10,5564298,5564840,CALML3,7646
chr10,5702194,5702800,RP11-336A10.7,4402
chr10,5704816,5705310,RP11-336A10.7,1836
chr10,5738658,5739352,ASB13,9526
chr10,5741834,5742271,ASB13,6479
chr10,5742273,5742787,ASB13,6001
chr10,5767251,5767645,C10orf18,642
chr10,5767647,5767691,C10orf18,863
chr10,5914499,5915136,GDI2,9283
chr10,6235019,6235846,7SK,3841
chr10,6236698,6237410,7SK,5463
chr10,6282722,6282982,AL157395.17-2,2863
chr10,6378715,6379109,RP11-298K24.2,2260
chr10,6379480,6379840,RP11-298K24.2,3008
chr10,6379842,6379933,RP11-298K24.2,3235
chr10,6379935,6380121,RP11-298K24.2,3376
chr10,6380123,6380478,RP11-298K24.2,3648
chr10,6385943,6386697,RP11-298K24.2,9668
chr10,6445373,6446084,AL137145.13-2,13445
chr10,7570237,7571022,U6,1853
chr10,7950012,7950954,RP11-401E9.3,34558
chr10,8166630,8167366,GATA3,30326
chr10,8238850,8239324,GS1-756B1.1,4141
chr10,11887422,11887899,C10orf47,17742
chr10,12232017,12232889,AC073160.8-1,4786
chr10,12963737,12964423,5S_rRNA,42707
chr10,13055552,13055991,5S_rRNA,48984
chr10,13620087,13620686,BEND7,9848
chr10,14487469,14488160,hsa-mir-1265,30766
chr10,14489214,14490149,hsa-mir-1265,28899
chr10,14497630,14498361,hsa-mir-1265,20585
chr10,17527095,17527772,ST8SIA6,8826
chr10,17544666,17545489,ST8SIA6,8818
chr10,17725321,17725826,STAM,556
chr10,17725828,17726200,STAM,115
chr10,19506547,19507260,AL590378.5,25767
chr10,19525237,19525593,AL590378.5,7255
chr10,19561309,19561781,AL590378.5,28875
chr10,19829686,19830680,RP11-265G8.3,9950
chr10,21693380,21693831,RP11-275N1.2,29362
chr10,22331911,22332486,DNAJC1,505
chr10,23012336,23012658,PIP5K2A,31011
chr10,23410529,23410883,AL139815.12-3,7294
chr10,23435967,23436122,MSRB2,11612
chr10,23992821,23993473,KIAA1217,30533
chr10,25215402,25215753,RP11-129O7.2,18998
chr10,25386571,25387035,THNSL1,41290
chr10,25713453,25714241,AL161654.14-1,8929
chr10,26544983,26545454,GAD2,23
chr10,27064064,27064679,RP13-16H11.6,20815
chr10,28806726,28807490,AC022021.10-2,35278
chr10,28824925,28825462,WAC,36512
chr10,28825464,28826227,WAC,35860
chr10,28989127,28990023,RP11-48B24.2,1654
chr10,29010934,29011798,BAMBI,4937
chr10,29014200,29014887,BAMBI,8114
chr10,29254134,29255108,RP11-492M23.2,26203
chr10,29951520,29952171,hsa-mir-938,20565
chr10,29959348,29959789,hsa-mir-938,28288
chr10,30762626,30763022,MAP3K8,47
chr10,30822898,30823943,RP11-449I17.7,24375
chr10,30851594,30852255,RP11-449I17.7,4129
chr10,30865325,30866185,RP11-449I17.7,17960
chr10,30871098,30872023,AL590068.7-1,13273
chr10,31024815,31025251,RP11-14C22.4,24533
chr10,32087791,32088549,Y_RNA,3101
chr10,32508067,32508618,AL445071.15,9402
chr10,32688964,32689614,AL391839.9-2,13410
chr10,33370823,33371665,RP11-479G22.7,6647
chr10,33593036,33593673,AL353600.10-1,24180
chr10,33664752,33665633,NRP1,3
chr10,38504600,38505570,RP11-508N22.10,10518
chr10,42853464,42854187,RET,38697
chr10,42875927,42876693,RET,16212
chr10,42897554,42898367,RET,5438
chr10,42901853,42902283,RET,9546
chr10,42921383,42921674,RET,29006
chr10,42926087,42926873,CSGALNACT2,27459
chr10,42927216,42927764,CSGALNACT2,26449
chr10,43178612,43179612,FXYD4,7983
chr10,43286887,43287476,RP11-517P14.6,10048
chr10,43412077,43412695,RP11-402L1.1,9318
chr10,43594007,43594760,RP11-272J7.5,11457
chr10,43669684,43670123,C10orf136,9144
chr10,46385345,46386059,SYT15,5115
chr10,46386614,46387114,SYT15,3953
chr10,46401590,46402156,SYT15,11056
chr10,46410480,46411292,GPRIN2,2665
chr10,46494059,46494832,PPYR1,9094
chr10,47952120,47952542,ZNF488,22749
chr10,49165900,49166536,RP11-542E6.3,4529
chr10,49166854,49167462,RP11-542E6.3,3589
chr10,49184302,49184560,MAPK8,307
chr10,49994915,49995758,C10orf72,1777
chr10,50149087,50149848,AC027674.10,27725
chr10,50427912,50428389,PGBD3,11059
chr10,50477044,50477566,CHAT,9841
chr10,51217280,51218112,MSMB,1862
chr10,51219019,51219291,MSMB,403
chr10,51219293,51219820,MSMB,2
chr10,51231873,51232354,NCOA4,3119
chr10,51242170,51243109,NCOA4,7407
chr10,51251430,51252205,NCOA4,16585
chr10,52039141,52039551,SGMS1,14396
chr10,60752615,60753478,FAM13C,39311
chr10,60779771,60780514,FAM13C,12215
chr10,61461197,61462220,Y_RNA,49796
chr10,62372489,62373012,U2,30060
chr10,62839441,62840136,TMEM26,43425
chr10,63347806,63348441,AC067742.7,8577
chr10,63519545,63520203,AL671972.8,26105
chr10,64275149,64275973,EGR2,29429
chr10,65060263,65060805,RP11-111N20.3,4058
chr10,65060807,65061266,RP11-111N20.3,3556
chr10,69218313,69218987,RP11-57G10.1,4883
chr10,69578678,69579441,7SK,8782
chr10,69582985,69583923,7SK,4387
chr10,69584960,69585401,7SK,2661
chr10,69638274,69638717,ATOH7,23370
chr10,70241355,70241890,STOX1,15677
chr10,70499408,70499844,SRGN,18207
chr10,70643348,70644168,HKDC1,6306
chr10,70699190,70699913,HK1,210
chr10,70745938,70746462,RP11-227H15.7,15622
chr10,70749203,70749682,RP11-227H15.7,18864
chr10,70763091,70763529,AC016821.9,30092
chr10,70851453,70852079,TACR2,5087
chr10,70869132,70869602,RP11-404C6.3,6235
chr10,70888695,70889001,TSPAN15,7617
chr10,70932779,70933574,RP11-404C6.5,20235
chr10,70982268,70982823,NEUROG3,20582
chr10,71092091,71092447,C10orf35,32261
chr10,71510825,71511871,H2AFY2,28986
chr10,71549986,71550285,AIFM2,12560
chr10,71550287,71550597,AIFM2,12253
chr10,71576730,71577314,TYSND1,521
chr10,72738641,72739189,SLC29A3,10122
chr10,72763931,72764343,AL359384.17,9046
chr10,72865639,72866118,CDH23,39182
chr10,75094827,75095654,SYNPO2L,9403
chr10,75249207,75249782,AC022400.9,7946
chr10,75249784,75250369,AC022400.9,8528
chr10,75987353,75988108,Y_RNA,6575
chr10,76173007,76173647,AL357037.13,1143
chr10,76251452,76251836,MYST4,3701
chr10,76256557,76256910,MYST4,1388
chr10,76492437,76492884,DUPD1,4383
chr10,76636506,76637174,VDAC2,3728
chr10,76675144,76675623,COMTD1,9608
chr10,76692281,76692930,RP11-399K21.2,6703
chr10,78839783,78840531,RP11-417C21.2,23388
chr10,78846661,78847051,RP11-417C21.2,16689
chr10,78847155,78847339,RP11-417C21.2,16298
chr10,78847341,78847661,RP11-417C21.2,16044
chr10,78880873,78881542,RP11-417C21.2,17662
chr10,78909729,78910439,RP11-417C21.2,46539
chr10,79010044,79010726,5S_rRNA,6427
chr10,79011701,79012326,5S_rRNA,4799
chr10,79012328,79013345,5S_rRNA,3976
chr10,79287251,79287533,AL391421.27-5,9246
chr10,79299821,79300343,AL391421.27-5,3444
chr10,79301768,79302473,AL391421.27-5,5482
chr10,79302475,79302603,AL391421.27-5,5901
chr10,79302605,79302994,AL391421.27-5,6161
chr10,79311330,79312129,AL391421.27-5,15091
chr10,79319176,79319729,AL391421.27-5,22814
chr10,79401886,79402541,AL391421.27-3,17889
chr10,79829578,79830274,SNORA71,32657
chr10,80184184,80184678,AC074323.4,4067
chr10,80476318,80477172,ZMIZ1,22052
chr10,80771958,80772494,PPIF,4999
chr10,80772530,80772953,PPIF,4484
chr10,80785472,80785998,PPIF,8510
chr10,80788519,80788977,PPIF,11523
chr10,81693370,81693892,SFTPD,5209
chr10,81763302,81763579,RP11-369J21.1,4150
chr10,81763581,81763926,RP11-369J21.1,3837
chr10,81764274,81765072,RP11-369J21.1,2917
chr10,81859712,81860679,RP11-369J21.7,15481
chr10,81955603,81955743,ANXA11,261
chr10,81955745,81956231,ANXA11,576
chr10,82016230,82016915,AL359195.24-2,15612
chr10,82040749,82041049,MAT1A,1486
chr10,82178947,82179685,C10orf57,21752
chr10,82179687,82179961,C10orf57,22260
chr10,82186109,82186841,TSPAN14,17525
chr10,82191654,82192344,TSPAN14,12001
chr10,82244705,82245262,TSPAN14,40983
chr10,82248718,82249414,SH2D4B,38571
chr10,82716011,82716456,RP11-315E23.1,25297
chr10,82716458,82716531,RP11-315E23.1,25558
chr10,82716533,82716981,RP11-315E23.1,25821
chr10,82716983,82717492,RP11-315E23.1,26301
chr10,82717494,82717563,RP11-315E23.1,26592
chr10,88152614,88153600,GRID1,36979
chr10,88284079,88284693,WAPAL,12835
chr10,88432433,88433048,LDB3,14391
chr10,88465424,88465973,AC067750.5,29987
chr10,88505224,88505872,BMPR1A,827
chr10,88757771,88758593,AGAP11,6864
chr10,88782575,88782980,U6,8300
chr10,89406982,89407713,PAPSS2,2108
chr10,89546158,89547010,AFDC1,21312
chr10,89811934,89812626,RP11-380G5.4,12721
chr10,90701255,90701570,ACTA2,1096
chr10,91958193,91959152,AL139340.12-1,44976
chr10,92462777,92463452,AL390862.24,16534
chr10,93421289,93421755,AL359986.15,4414
chr10,93681382,93681734,BTAF1,7843
chr10,94821451,94821896,CYP26A1,1548
chr10,95033037,95033562,AL365364.19-1,1005
chr10,95184868,95185810,MYOF,46724
chr10,95188547,95189065,MYOF,43257
chr10,95195381,95195556,MYOF,36595
chr10,95195558,95195799,MYOF,36385
chr10,95215450,95215878,MYOF,16399
chr10,95215925,95216072,MYOF,16065
chr10,95216074,95216181,MYOF,15936
chr10,95216183,95216389,MYOF,15777
chr10,95320825,95321217,GPR120,4610
chr10,95512960,95513497,LGI1,5597
chr10,96153197,96153489,TBC1D12,1168
chr10,97466398,97467280,ENTPD1,5314
chr10,97987640,97988346,BLNK,33322
chr10,98214647,98215194,TLL2,48737
chr10,98228878,98229678,TLL2,34379
chr10,99086504,99087097,FRAT2,2345
chr10,99087132,99087760,FRAT2,2991
chr10,99158217,99158753,RRP12,7399
chr10,99158755,99159029,RRP12,7806
chr10,99321256,99322038,ANKRD2,540
chr10,99322127,99322567,ANKRD2,160
chr10,99324348,99324727,ANKRD2,2350
chr10,99324729,99324978,ANKRD2,2666
chr10,99329981,99330671,C10orf65,3743
chr10,99988305,99988823,LOXL4,29432
chr10,100016907,100017359,LOXL4,863
chr10,100064169,100064841,LOXL4,46509
chr10,100145968,100146375,hsa-mir-1287,1118
chr10,101366816,101367635,SLC25A28,2932
chr10,102039284,102040006,BLOC1S2,3210
chr10,102050626,102051659,BLOC1S2,14707
chr10,102625534,102626042,Y_RNA,31238
chr10,102632942,102633952,Y_RNA,23579
chr10,102739285,102739807,PEO1,2245
chr10,102748357,102748654,LZTS2,1551
chr10,102853263,102853938,TLX1,26996
chr10,102873912,102874840,TLX1,6220
chr10,103381401,103382411,AL627424.8-1,9300
chr10,103440882,103441670,FBXW4,3729
chr10,103581240,103581985,KCNIP2,12054
chr10,103870210,103870683,LDB1,5755
chr10,103889844,103890615,PPRC1,7453
chr10,103956719,103957426,ELOVL3,19060
chr10,104153380,104154165,NFKB2,9444
chr10,104507268,104508030,C10orf26,18228
chr10,104524165,104524670,C10orf26,1460
chr10,104918037,104918834,AL360001.33-1,6865
chr10,105639818,105640767,OBFC1,27663
chr10,105680983,105681395,OBFC1,13234
chr10,105681397,105682000,OBFC1,13743
chr10,105690741,105691335,OBFC1,23083
chr10,106004154,106004647,GSTO1,250
chr10,106129484,106130049,CCDC147,26254
chr10,111655388,111656110,XPNPEP1,17509
chr10,112180665,112181146,AL355512.22,3083
chr10,112530855,112531491,AL136368.24-2,123
chr10,112532434,112532791,AL136368.24-2,1316
chr10,112539379,112540062,RBM20,7535
chr10,112540977,112541356,RBM20,6089
chr10,112555285,112555332,RBM20,8053
chr10,112555334,112555673,RBM20,8248
chr10,112559853,112560373,RBM20,12858
chr10,112569262,112569780,RBM20,22266
chr10,112572308,112572816,RBM20,25307
chr10,112572828,112573267,RBM20,25792
chr10,112601827,112602576,PDCD4,19384
chr10,112607324,112607673,PDCD4,14087
chr10,112857435,112858268,AL355863.18,3148
chr10,114045867,114046478,TECTB,12769
chr10,114554301,114554643,AL158212.15,49844
chr10,115273755,115274597,HABP2,28598
chr10,115339033,115339553,HABP2,36519
chr10,115428306,115428765,CASP7,389
chr10,115428767,115429132,CASP7,25
chr10,115603904,115604170,DCLRE1A,94
chr10,115604172,115604257,DCLRE1A,83
chr10,115604259,115604534,NHLRC2,13
chr10,115604536,115604583,NHLRC2,150
chr10,115806806,115807466,ADRB1,13341
chr10,115812555,115813007,ADRB1,18986
chr10,115928694,115929062,TDRD1,140
chr10,115988586,115989522,VWA2,47
chr10,116134978,116135650,AFAP1L2,19190
chr10,116256991,116257746,RP11-317F20.2,5273
chr10,116257748,116258272,RP11-317F20.2,5915
chr10,117747859,117748397,AC022542.5,28225
chr10,117748824,117749254,AC022542.5,29136
chr10,117830116,117830926,AC073588.3,34485
chr10,117892855,117893357,AC073588.3,28100
chr10,118147931,118148158,AC011328.11,10714
chr10,118528401,118528843,AC016825.12,29072
chr10,118885190,118885638,VAX1,2387
chr10,118924380,118924948,AL731557.7,66
chr10,119014247,119014739,SLC18A2,23788
chr10,120374742,120375918,AL356865.19-2,17938
chr10,120547395,120548379,AL157388.12,12423
chr10,120711914,120712546,RP11-498J9.1,29434
chr10,120756105,120756800,AL157788.16,1161
chr10,120830765,120831404,EIF3S10,761
chr10,121292280,121292722,RGS10,290
chr10,121356685,121357494,TIAL1,10559
chr10,121413531,121414171,BAG3,12980
chr10,121417539,121417931,RP11-179H18.7,15589
chr10,121427821,121428358,RP11-179H18.7,5235
chr10,121437473,121438095,RP11-179H18.7,4460
chr10,121438470,121439231,RP11-179H18.7,5526
chr10,123305585,123306803,FGFR2,41767
chr10,123744485,123745026,TACC2,6057
chr10,124878959,124879503,HMX3,6325
chr10,125386013,125387095,GPR26,29306
chr10,125470843,125471362,AC009987.17,13259
chr10,125471400,125472097,AC009987.17,12613
chr10,125472376,125472861,AC009987.17,11743
chr10,125493394,125494198,AC009987.17,9435
chr10,125500809,125501581,AC009987.17,16834
chr10,125691687,125692282,AC068058.12,30918
chr10,125806188,125806833,RP11-47G11.1,35387
chr10,125842987,125843597,RP11-47G11.1,1395
chr10,125853659,125854049,RP11-47G11.1,11957
chr10,126064761,126065406,OAT,32366
chr10,126236444,126236889,AL391708.8,20356
chr10,126802398,126803046,CTBP2,36370
chr10,126807823,126808267,CTBP2,31047
chr10,126808269,126808377,CTBP2,30769
chr10,127304191,127305116,AL158835.11-1,41855
chr10,127312735,127313258,AL158835.11-1,33512
chr10,127367733,127368574,C10orf122,6489
chr10,127368815,127369345,C10orf122,7416
chr10,127369347,127369755,C10orf122,7887
chr10,127379905,127380732,C10orf137,17755
chr10,127400166,127400902,C10orf137,2461
chr10,127606691,127607474,RP11-295J3.3,31882
chr10,127854052,127855194,AC022015.6-1,30483
chr10,127919051,127919889,AC026226.9,31906
chr10,128187705,128188285,C10orf90,15386
chr10,128596892,128597768,Y_RNA,2035
chr10,129596954,129597479,PTPRE,1902
chr10,129783171,129784298,MKI67,30910
chr10,133828077,133828576,DPYSL4,22067
chr10,134157017,134157401,INPP5A,44133
chr10,134202801,134203493,INPP5A,1805
chr10,134213143,134213659,INPP5A,12059
chr10,134235679,134236002,INPP5A,34498
chr10,134424515,134425157,NKX6-2,24690
chr10,134427592,134428149,NKX6-2,21656
chr10,134428802,134429104,NKX6-2,20573
chr10,134663587,134664316,AL691429.17-2,34924
chr10,134942265,134942727,ADAM8,2135
chr10,135121478,135122132,AL161645.14-2,34
chr11,239187,239628,PSMD13,12427
chr11,272800,273479,NALP6,4775
chr11,385815,386515,PKP3,1949
chr11,397802,398440,SIGIRR,9275
chr11,398473,398927,SIGIRR,8696
chr11,445930,446532,PTDSS2,5952
chr11,460055,460395,PTDSS2,19946
chr11,496953,497416,RNH1,88
chr11,529930,530444,LRRC56,2661
chr11,559286,560018,hsa-mir-210,1455
chr11,637431,638029,AP006284.2,10318
chr11,638031,638437,AP006284.2,10822
chr11,694585,695463,EPS8L2,1088
chr11,731898,732544,TALDO1,5210
chr11,1232162,1232788,AC136297.6,14074
chr11,1319861,1320669,TOLLIP,32838
chr11,1346192,1346252,BRSK2,21482
chr11,1346254,1346657,BRSK2,21249
chr11,1365700,1366215,BRSK2,1747
chr11,1416780,1417466,AC091196.6,48680
chr11,1463491,1464695,AC091196.6,1710
chr11,1627698,1628694,FAM99A,15204
chr11,1750477,1751184,CTSD,9033
chr11,1800821,1801323,SYT8,8186
chr11,1804928,1805529,SYT8,4030
chr11,1806347,1807016,SYT8,2577
chr11,1808618,1809209,SYT8,345
chr11,1960938,1961456,AC051649.21,8126
chr11,1964809,1965492,hsa-mir-675,9499
chr11,2142892,2143575,INS,4207
chr11,2146223,2146881,TH,3058
chr11,2146883,2147353,TH,2492
chr11,2147355,2147850,TH,2008
chr11,2168593,2169120,TH,19246
chr11,2171009,2171665,TH,21727
chr11,2283283,2283990,C11orf21,3769
chr11,2341061,2341583,Y_RNA,9121
chr11,2341585,2341884,Y_RNA,8709
chr11,2461183,2462230,KCNQ1,38910
chr11,2988628,2989305,AC131971.9-1,1737
chr11,3008031,3008717,AC131971.9-1,17671
chr11,3193092,3194092,MRGPRG,3026
chr11,3391576,3392282,AC123788.7-3,798
chr11,3796522,3797114,AC090587.1,21101
chr11,6293776,6294351,PRKCDBP,4252
chr11,6392574,6393455,APBB1,4205
chr11,6393572,6394386,APBB1,3240
chr11,8002686,8003262,TUB,13781
chr11,8208006,8208777,LMO1,33590
chr11,8666902,8667285,SNORA3,3532
chr11,9087997,9088714,AC079296.5,15171
chr11,10372763,10373027,AC080023.6-1,4543
chr11,10373029,10373626,AC080023.6-1,4111
chr11,10720600,10721604,CTR9,8276
chr11,11946986,11947623,AC124276.5-2,5237
chr11,11950349,11950851,AC124276.5-2,8533
chr11,12223478,12224272,MICALCL,41147
chr11,12226699,12227269,MICALCL,38038
chr11,12923410,12924128,SCARNA16,40659
chr11,13313220,13314079,AC016884.10-1,9239
chr11,13907721,13908101,5S_rRNA,22199
chr11,13917936,13918461,SPON1,22829
chr11,13918463,13918500,SPON1,22546
chr11,13918502,13918512,SPON1,22520
chr11,13918514,13918850,SPON1,22345
chr11,16761348,16762221,AC026639.6,38536
chr11,16774536,16775437,7SK,45389
chr11,16934737,16935655,AC116533.11-1,17409
chr11,16960555,16961116,AC116533.11-1,8230
chr11,16965285,16965931,AC116533.11-1,13003
chr11,16967524,16968120,AC116533.11-1,15217
chr11,17216677,17216998,AC107956.8-2,10470
chr11,17217474,17217902,AC107956.8-2,11321
chr11,17250866,17251708,AC107956.8-1,840
chr11,17383799,17384418,KCNJ11,17895
chr11,17439686,17440443,ABCC8,14960
chr11,17748186,17748658,AC124056.8,7017
chr11,20091772,20092390,DBX1,46364
chr11,20092418,20092877,DBX1,45798
chr11,34204129,34205055,Y_RNA,37296
chr11,34481655,34482417,ELF5,9869
chr11,35075799,35076743,CD44,40721
chr11,35344024,35344441,AC090625.1,8155
chr11,35367923,35368699,AC090625.5-1,1804
chr11,35368903,35369441,AC090625.5-1,943
chr11,44074284,44075034,EXT2,985
chr11,44268360,44268828,ALX4,19600
chr11,44278746,44279380,ALX4,9131
chr11,44279382,44279698,ALX4,8654
chr11,44285213,44285890,ALX4,2643
chr11,44503013,44503897,CD82,40261
chr11,44508820,44509372,CD82,34620
chr11,44567654,44568238,CD82,24230
chr11,44963797,44964379,TP53I11,34656
chr11,45139405,45139908,AC103681.4,47461
chr11,45925812,45926405,GYLTL1B,26337
chr11,46211999,46212697,Y_RNA,9937
chr11,46316478,46317268,DGKZ,5843
chr11,46317562,46318002,DGKZ,6752
chr11,46330576,46331001,DGKZ,19758
chr11,46341138,46341464,MDK,17580
chr11,46341779,46342301,MDK,16841
chr11,46370653,46371174,CHRM4,6180
chr11,46381285,46381860,CHRM4,16839
chr11,46881050,46881731,LRP4,15358
chr11,47121424,47122239,ARFGAP2,33163
chr11,47221712,47222209,ACP2,4978
chr11,47333534,47333872,AC090582.9,363
chr11,56926141,56926790,PRG2,11778
chr11,59400193,59400753,TCN1,9857
chr11,59869999,59870749,MS4A6E,11495
chr11,60225376,60226025,MS4A8B,2078
chr11,60281305,60281710,MS4A15,592
chr11,60281745,60282355,MS4A15,1135
chr11,60397862,60398316,ZP1,6499
chr11,60405040,60405790,ZP1,13825
chr11,60522451,60523183,U6,13603
chr11,61020466,61021270,AP003108.3-3,12244
chr11,61150832,61151237,AP002754.5,9693
chr11,61487128,61487567,FTHL16,4360
chr11,61766093,61766702,SCGB1D2,98
chr11,61971434,61972118,AP003064.2,20962
chr11,62177341,62177779,INTS5,211
chr11,62365314,62365613,U2,393
chr11,62365615,62366005,U2,46
chr11,63115104,63115829,PLA2G16,22950
chr11,63143884,63144917,AP000753.4,5704
chr11,63146446,63146627,AP000753.4,3568
chr11,63146629,63147285,AP000753.4,3147
chr11,63396202,63396968,U6,10147
chr11,63396970,63397537,U6,9479
chr11,63398250,63399325,U6,7945
chr11,63659011,63659719,MACROD1,30743
chr11,63680062,63681194,MACROD1,9480
chr11,63792235,63793005,BAD,16119
chr11,63838463,63839398,AP001453.6-2,2678
chr11,63883360,63883869,RPS6KA4,414
chr11,63938885,63939552,AP003774.4,33901
chr11,63963038,63963650,AP003774.4,9775
chr11,64030853,64031520,AP006288.1,23905
chr11,64206568,64207379,NRXN2,40262
chr11,64400939,64401327,EHD1,2591
chr11,64634763,64635507,TM7SF2,781
chr11,64902893,64903180,SLC25A45,3681
chr11,64905920,64906383,SLC25A45,566
chr11,64941174,64941450,hsa-mir-612,27192
chr11,64942609,64943422,hsa-mir-612,25489
chr11,64946688,64947275,hsa-mir-612,21523
chr11,64982476,64983237,AP000769.5,3553
chr11,64992970,64993671,AP000769.5,14017
chr11,64996218,64996955,AP000769.5,17283
chr11,65099031,65099479,EHBP1L1,829
chr11,65533000,65533226,CST6,2924
chr11,65533228,65533623,CST6,2612
chr11,65536763,65537440,CST6,1064
chr11,65537442,65537908,CST6,1638
chr11,65648623,65649140,AP000822.3,27786
chr11,65657188,65657734,AP000822.3,19206
chr11,65661300,65662159,AP000822.3,14938
chr11,65792354,65792635,CNIH2,9777
chr11,65945657,65946118,NPAS4,837
chr11,66159674,66160344,TMEM137,8033
chr11,66232406,66232930,AP001157.4-2,4387
chr11,66232932,66233472,AP001157.4-2,3853
chr11,66233674,66234488,AP001157.4-2,2974
chr11,66273143,66273710,AP001157.4-3,3756
chr11,66372903,66373449,RCE1,5718
chr11,66375550,66376062,LRFN4,5742
chr11,66416408,66416882,LRFN4,35097
chr11,66546400,66547558,SYT12,487
chr11,66551423,66552431,SYT12,4461
chr11,66552846,66553336,SYT12,5625
chr11,66581317,66581827,RHOD,676
chr11,66586261,66586773,RHOD,5621
chr11,66772477,66773212,ADRBK1,17636
chr11,67153339,67153676,NUDT8,460
chr11,67541093,67541471,ALDH3B1,6917
chr11,67542386,67542931,ALDH3B1,8293
chr11,67561478,67561807,TCIRG1,1416
chr11,67562113,67562731,TCIRG1,636
chr11,67740604,67741260,SUV420H1,3062
chr11,67867949,67868592,LRP5,31587
chr11,67937645,67938174,AP000807.4-1,46353
chr11,68287386,68287502,MTL5,11881
chr11,68287504,68287627,MTL5,12002
chr11,68331126,68331645,5S_rRNA,3215
chr11,68343877,68344036,5S_rRNA,15786
chr11,68415264,68415690,MRPL21,12401
chr11,68432037,68432974,IGHMBP2,4611
chr11,68470372,68471325,MRGPRD,34182
chr11,68490049,68490463,MRGPRD,14774
chr11,68490901,68491386,MRGPRD,13887
chr11,68497264,68498085,MRGPRD,7356
chr11,68825609,68826448,MYEOV,7831
chr11,69162444,69162818,CCND1,2422
chr11,69173880,69174270,AP001888.4,8303
chr11,69178454,69178807,AP001888.4,3748
chr11,69178839,69179257,AP001888.4,3330
chr11,69220500,69220852,FGF19,7610
chr11,69220854,69220973,FGF19,7373
chr11,69220975,69221223,FGF19,7187
chr11,69221225,69221834,FGF19,6757
chr11,69332855,69333322,FGF3,10040
chr11,69553172,69553676,U6,45692
chr11,69629818,69630649,ANO1,27940
chr11,69640334,69640901,ANO1,38324
chr11,69644242,69644567,ANO1,42111
chr11,69644569,69645003,ANO1,42493
chr11,69727210,69727700,FADD,539
chr11,69782839,69783756,PPFIA1,11173
chr11,69784674,69785500,PPFIA1,9383
chr11,70238276,70238850,Y_RNA,9542
chr11,70248993,70249605,Y_RNA,20278
chr11,70269474,70270175,Y_RNA,40803
chr11,70837566,70838124,DHCR7,721
chr11,70869988,70870812,NADSYN1,28536
chr11,71255688,71256540,AP002495.3-1,26148
chr11,71430385,71430857,U6,6041
chr11,71587685,71588580,FOLR1,9883
chr11,72124407,72125060,ARAP1,16361
chr11,72161625,72161809,Y_RNA,7021
chr11,72161811,72162112,Y_RNA,7265
chr11,72171430,72171924,STARD10,10720
chr11,72174191,72174588,STARD10,8008
chr11,72174590,72174611,STARD10,7797
chr11,72174613,72175009,STARD10,7586
chr11,72176231,72176322,STARD10,6121
chr11,72176324,72176670,STARD10,5900
chr11,72201843,72202168,ATG16L2,1093
chr11,72212220,72212984,ATG16L2,9504
chr11,72217060,72217376,ATG16L2,14120
chr11,72580896,72581579,P2RY2,25754
chr11,72582644,72583122,P2RY2,24108
chr11,72583257,72583890,P2RY2,23418
chr11,72589032,72589529,P2RY2,17711
chr11,72616326,72616909,P2RY2,9626
chr11,72616911,72617046,P2RY2,9987
chr11,72617048,72617137,P2RY2,10101
chr11,72617139,72617271,P2RY2,10214
chr11,72684275,72684527,ARHGEF17,12915
chr11,73425066,73425535,AP003717.3,2443
chr11,73425537,73425863,AP003717.3,2843
chr11,73457857,73458270,AP003717.3,35206
chr11,73559854,73560091,AP000577.5-1,32
chr11,74424474,74425362,AP003175.2,43903
chr11,74462998,74463516,AP003175.2,5564
chr11,74544734,74545237,SLCO2B1,5177
chr11,74545471,74546033,SLCO2B1,5944
chr11,74722366,74723033,hsa-mir-326,1178
chr11,74731762,74732266,hsa-mir-326,8137
chr11,74739854,74740267,ARRB1,460
chr11,74755350,74756188,ARRB1,15249
chr11,75177567,75178080,DGAT2,20368
chr11,75180702,75181197,UVRAG,22910
chr11,75607730,75608122,WNT11,12705
chr11,75608124,75608646,WNT11,13164
chr11,75804923,75805493,Y_RNA,12265
chr11,76138611,76139309,TSKU,32972
chr11,76154686,76155012,TSKU,17083
chr11,76155014,76155638,TSKU,16606
chr11,76158277,76158881,TSKU,13353
chr11,76159850,76160257,TSKU,11879
chr11,76162473,76163024,TSKU,9184
chr11,76177365,76177869,TSKU,5685
chr11,76189315,76189634,TSKU,17542
chr11,76190002,76190316,TSKU,18227
chr11,76408743,76409477,B3GNT6,13972
chr11,76423993,76424974,B3GNT6,1401
chr11,76426894,76427929,B3GNT6,4329
chr11,77534271,77535044,ALG8,6311
chr11,77539466,77539968,ALG8,11371
chr11,77545066,77545592,ALG8,16983
chr11,77785228,77785952,GAB2,20823
chr11,78432885,78433296,ODZ4,25546
chr11,78444122,78444883,ODZ4,14134
chr11,78448432,78449443,ODZ4,9699
chr11,78742421,78743022,hsa-mir-708,48079
chr11,82230941,82231279,AP001646.5,19974
chr11,82231281,82231618,AP001646.5,20313
chr11,82392854,82393678,SNORA70,37021
chr11,82395733,82396234,SNORA70,34304
chr11,82481353,82482264,RAB30,21277
chr11,82750840,82751399,AP000446.5,24687
chr11,82799240,82799674,AP000446.5,23651
chr11,82799676,82799715,AP000446.5,23889
chr11,82799766,82799987,AP000446.5,24070
chr11,85598893,85599579,EED,34226
chr11,86095172,86095527,ME3,34275
chr11,86151276,86151769,PRSS23,37616
chr11,86164959,86165620,PRSS23,23849
chr11,92932221,92932887,AP003499.2-1,2828
chr11,92995755,92996523,AP003499.2-2,12979
chr11,93023382,93024091,KIAA1731,10788
chr11,93916863,93917379,FUT4,347
chr11,94464870,94465220,ENDOD1,2381
chr11,95287247,95287927,MTMR2,9332
chr11,100375339,100376279,TMEM133,7789
chr11,100409827,100410796,TMEM133,42291
chr11,101531874,101532238,YAP1,45560
chr11,106992651,106993248,ELMOD1,231
chr11,108043108,108043658,DDX10,2370
chr11,108058655,108059276,DDX10,17952
chr11,109675112,109675553,RDX,2686
chr11,109713506,109714362,RDX,41288
chr11,109715367,109716283,RDX,43179
chr11,110710599,110711346,C11orf92,35224
chr11,111669023,111669525,AP002884.5-1,24971
chr11,112083350,112084010,AP003100.3,29757
chr11,113157792,113158155,ZW10,8339
chr11,113637634,113638311,NNMT,33772
chr11,113691947,113692706,NNMT,20582
chr11,114838341,114838906,CADM1,41698
chr11,114847386,114847864,CADM1,32696
chr11,114926295,114926806,CADM1,46229
chr11,116116519,116117449,BUD13,31929
chr11,116184286,116184769,APOA4,14693
chr11,116184771,116185459,APOA4,14105
chr11,116205423,116206088,APOC3,78
chr11,116208272,116208725,APOC3,2665
chr11,116208727,116209087,APOC3,3074
chr11,116212121,116212820,APOA1,1100
chr11,116559422,116559922,SIDT2,5004
chr11,116559924,116560065,SIDT2,5326
chr11,116560067,116560580,SIDT2,5655
chr11,116560956,116561844,SIDT2,6732
chr11,116678810,116679635,BACE1,12959
chr11,116690023,116690416,BACE1,1962
chr11,117295890,117296774,TMPRSS13,8992
chr11,117305145,117305454,TMPRSS13,25
chr11,117328898,117329922,TMPRSS13,24086
chr11,117375327,117375694,IL10RA,13192
chr11,117375696,117375760,IL10RA,13410
chr11,117375762,117376026,IL10RA,13576
chr11,117433814,117434359,SRP_euk_arch,9075
chr11,117438829,117439273,SRP_euk_arch,4110
chr11,117987063,117987404,PHLDB1,4811
chr11,117996435,117997256,PHLDB1,14423
chr11,118306303,118306572,SRP_euk_arch,692
chr11,118443492,118444169,VPS11,128
chr11,119057232,119057870,U6,25321
chr11,119677761,119678267,TMEM136,23211
chr11,119899488,119900119,AP002348.3,12083
chr11,120012801,120013878,GRIK4,22841
chr11,120702031,120702685,SC5DL,33761
chr11,121938954,121939765,U6,15865
chr11,122330412,122331034,BSX,26914
chr11,122473489,122474272,HSPA8,35827
chr11,122521128,122521585,AP000926.6-1,49860
chr11,124044079,124044840,SPA17,4490
chr11,124239830,124240484,ROBO3,334
chr11,125458090,125458696,CDON,19997
chr11,128243754,128244794,KCNJ1,1797
chr11,128699600,128700614,AP002886.3-2,29524
chr11,129805215,129805783,ADAMTS8,1751
chr11,129856791,129857269,ADAMTS15,32952
chr11,133350630,133351410,IGSF9B,18931
chr11,133367369,133368003,IGSF9B,35597
chr11,133619573,133620429,THYN1,8472
chr11,133633641,133634415,ACAD8,5385
chr11,133863965,133864705,AP003971.2,38393
chr12,84835,85438,IQSEC3,38827
chr12,148396,149299,SLC6A12,44220
chr12,154216,154590,SLC6A12,38664
chr12,158862,159643,SLC6A12,33815
chr12,459475,460262,B4GALNT3,20065
chr12,642960,643587,NINJ2,258
chr12,1769843,1770314,LRTM2,29877
chr12,1793713,1794243,LRTM2,5977
chr12,1809761,1810364,LRTM2,10107
chr12,1810366,1810720,LRTM2,10588
chr12,1816170,1816817,LRTM2,16538
chr12,1820873,1821763,LRTM2,21363
chr12,1839015,1839574,AC005343.1,5849
chr12,1911294,1912461,CACNA2D4,13747
chr12,2604656,2605262,AC007618.3,34403
chr12,2653205,2653712,AC007618.3,14096
chr12,2743554,2744276,FKBP4,30498
chr12,2744278,2744892,FKBP4,29828
chr12,2754683,2755490,FKBP4,19327
chr12,2756079,2757239,FKBP4,17754
chr12,3465106,3466095,AC005908.1,1066
chr12,3493665,3494223,PRMT8,23259
chr12,3494225,3494365,PRMT8,23610
chr12,4354908,4355557,FGF23,3922
chr12,4837880,4838317,KCNA6,48727
chr12,5358954,5359714,AC007848.11,12685
chr12,5898168,5899016,ANO2,27066
chr12,5899018,5899348,ANO2,26475
chr12,6042409,6043033,AC005846.1,32675
chr12,6044710,6045337,AC005846.1,30373
chr12,6068157,6068710,AC005846.1,6963
chr12,6068712,6068988,AC005846.1,6546
chr12,6195557,6195934,CD9,16604
chr12,6201337,6201939,Y_RNA,12243
chr12,6214811,6215544,Y_RNA,1296
chr12,6216962,6217699,Y_RNA,3449
chr12,6234237,6234944,Y_RNA,20709
chr12,6244201,6244716,Y_RNA,30577
chr12,6255054,6255551,PLEKHG6,34560
chr12,6257369,6257908,PLEKHG6,32224
chr12,6258016,6258689,PLEKHG6,31510
chr12,6343271,6343841,SCNN1A,11419
chr12,6421105,6421878,AC005840.2-2,1095
chr12,6512822,6513488,GAPDH,762
chr12,6923113,6923809,C12orf57,2
chr12,7929895,7930602,NANOGP1,9111
chr12,7940441,7941247,NANOGP1,1485
chr12,7958979,7959897,NANOGP1,20079
chr12,7963724,7964328,SLC2A3,18219
chr12,9175782,9176818,AC007436.1-3,4567
chr12,10465900,10466717,KLRC3,1848
chr12,11476098,11476868,PRB1,36716
chr12,12401119,12401389,LOH12CR2,13
chr12,12631150,12631841,CREBL2,24602
chr12,12717223,12718017,GPR19,11101
chr12,12916539,12917055,GPRC5A,18185
chr12,13085456,13085938,KIAA1467,2884
chr12,15236057,15236362,RERG,29361
chr12,15260756,15261339,RERG,4523
chr12,15266315,15266811,RERG,993
chr12,15287452,15287812,RERG,22062
chr12,15318070,15318616,PTPRO,48410
chr12,15798801,15799552,EPS8,34424
chr12,18387823,18388466,AC092851.9,14438
chr12,22612189,22612843,KIAA0528,23798
chr12,25562651,25563334,IFLTD1,34452
chr12,26145652,26146117,BHLHE41,23228
chr12,27139389,27139998,C12orf71,13015
chr12,31261166,31262173,AC008013.8-2,11315
chr12,31355406,31355935,AC024940.39-2,7753
chr12,31467717,31468528,AC068792.31-1,26248
chr12,31468530,31469117,AC068792.31-1,25547
chr12,31475425,31476057,AC068792.31-1,18629
chr12,31504125,31504916,AC068792.31-1,10150
chr12,31522484,31523166,Y_RNA,27779
chr12,31704001,31704625,C12orf72,926
chr12,31793478,31794174,AMN1,20508
chr12,31817457,31818353,AC023050.36-2,18461
chr12,32705861,32706704,DNM1L,17208
chr12,38123211,38123640,KIF21A,236
chr12,38421640,38422457,AC121335.5,11625
chr12,41036086,41037072,PPHLN1,30366
chr12,41139099,41139862,Y_RNA,4692
chr12,42475797,42476648,TWF1,10222
chr12,46047919,46048318,SNORA64,21772
chr12,46558397,46559228,AC121338.6,3886
chr12,46623720,46624152,TMEM106C,19718
chr12,46625000,46625611,TMEM106C,18349
chr12,46630899,46631262,TMEM106C,12574
chr12,46701781,46702555,COL2A1,17617
chr12,46703177,46703510,COL2A1,18792
chr12,47447563,47448019,ADCY6,21295
chr12,47562508,47562924,U6,9561
chr12,47657123,47657659,WNT1,1111
chr12,47657661,47657998,WNT1,673
chr12,47867860,47868435,TUBA1A,980
chr12,47956265,47956861,TUBA1C,11432
chr12,48224688,48225604,KCNH3,5940
chr12,48483926,48484585,AC131157.4-2,174
chr12,49445518,49446049,ATF1,1698
chr12,49705861,49706338,SLC11A2,2175
chr12,49727909,49728447,LETMD1,172
chr12,49870898,49871427,TFCP2,18232
chr12,50503878,50504341,FIGNL2,1628
chr12,50504384,50504968,FIGNL2,2195
chr12,50564519,50565451,ANKRD33,3025
chr12,50828837,50829299,AC078864.20,41686
chr12,51024680,51024994,KRT85,22738
chr12,51024996,51025622,KRT85,22266
chr12,51051787,51052376,KRT85,4506
chr12,51060221,51061064,KRT84,5041
chr12,51297074,51298311,KRT73,917
chr12,51310797,51311248,KRT73,12413
chr12,51311250,51311964,KRT73,12998
chr12,51574949,51575872,KRT8P9,9716
chr12,51650021,51650220,KRT18P19,21199
chr12,51650222,51650430,KRT18P19,21405
chr12,51651853,51652129,KRT18P19,23070
chr12,51652131,51652638,KRT18P19,23463
chr12,51652640,51653078,KRT18P19,23938
chr12,51837901,51838515,AC073573.27-2,4862
chr12,52032690,52033055,SP7,23384
chr12,52038787,52039355,SP1,21174
chr12,52349818,52350487,ATP5G2,6626
chr12,52484476,52484946,SNORD81,13358
chr12,52505316,52506040,SNORD81,34325
chr12,52507082,52508088,SNORD81,36232
chr12,52629619,52630166,AC012531.11,4686
chr12,52657896,52658738,HOXC11,5141
chr12,52663097,52663876,HOXC10,1726
chr12,52670281,52670857,hsa-mir-196a-2,1219
chr12,52718192,52718629,hsa-mir-615,4410
chr12,52986655,52987395,U6,10912
chr12,53050187,53050849,GPR84,5984
chr12,53067844,53068220,ZNF385A,3299
chr12,53604646,53605584,KIAA0748,49553
chr12,53613601,53613967,KIAA0748,40884
chr12,54673752,54674759,SUOX,3054
chr12,54796630,54797140,ZC3H10,1411
chr12,54838989,54839257,MYL6,757
chr12,54839259,54839796,MYL6,1161
chr12,55157595,55157956,SPRYD4,9144
chr12,55768696,55769110,NAB2,40
chr12,55781858,55782272,STAT6,9362
chr12,56202272,56202657,MBD6,461
chr12,56403288,56403806,AGAP2,18661
chr12,56451291,56451903,METTL1,610
chr12,56567946,56568544,AC083805.17,30531
chr12,56598249,56598875,XRCC6BP1,23064
chr12,60940036,60940497,USP15,187
chr12,63291140,63291793,RASSF3,907
chr12,63305457,63306011,hsa-mir-548c,3179
chr12,63569826,63570645,AC078815.22-1,48834
chr12,64850065,64850453,TMBIM4,186
chr12,66377311,66378177,DYRK2,48966
chr12,66902937,66903802,IL26,2468
chr12,67367062,67367262,NUP107,165
chr12,67473056,67473728,MDM2,14854
chr12,67473730,67473793,MDM2,14485
chr12,67473795,67474193,MDM2,14252
chr12,67474498,67475060,MDM2,13467
chr12,67484400,67484791,MDM2,3651
chr12,67484793,67485140,MDM2,3280
chr12,67488738,67489317,MDM2,781
chr12,67645034,67645829,CPM,32541
chr12,68096448,68097119,SRP_euk_arch,15834
chr12,68120010,68120591,FRS2,30095
chr12,68580536,68581463,C12orf28,35003
chr12,68616280,68616460,C12orf28,368
chr12,68616462,68616961,C12orf28,709
chr12,70998453,70998997,TRHDE,45996
chr12,72358237,72358852,AC087879.8,788
chr12,72596624,72597317,AC136188.2,17054
chr12,73843078,73843460,KCNC2,46508
chr12,74624340,74625108,AC011611.26-1,13451
chr12,78450886,78451431,SRP_euk_arch,8078
chr12,78464208,78464954,SRP_euk_arch,21501
chr12,81276287,81276616,C12orf26,3
chr12,81603928,81604162,TMTC2,1019
chr12,81604219,81604649,TMTC2,630
chr12,84498261,84499177,AC126471.4,12933
chr12,87377142,87377732,Y_RNA,29088
chr12,87398985,87399416,AC024941.30,45340
chr12,87407009,87407762,AC024941.30,37155
chr12,87498504,87499131,KITLG,449
chr12,88625905,88626407,AC009522.11,18685
chr12,88687067,88687604,AC009522.11,42494
chr12,91025810,91026669,BTG1,37511
chr12,91064081,91064523,BTG1,552
chr12,91352210,91353050,CLLU1OS,6578
chr12,92427184,92428064,AC025260.29-1,231
chr12,92481673,92482286,SOCS2,5749
chr12,92583098,92583591,CRADD,11937
chr12,92772022,92772557,SRP_euk_arch,23307
chr12,94016309,94016982,AC126615.7,1774
chr12,96418473,96418936,hsa-mir-1251,8887
chr12,96485357,96486009,hsa-mir-135a-2,3963
chr12,96486382,96487043,hsa-mir-135a-2,4992
chr12,96619779,96620386,AC018659.35,14664
chr12,100232022,100232759,UTP20,34355
chr12,100614590,100615110,CHPT1,697
chr12,100615112,100615515,CHPT1,234
chr12,100615517,100615986,CHPT1,204
chr12,100615988,100616453,CHPT1,673
chr12,100812685,100812874,AC063950.37-4,9425
chr12,100812876,100813255,AC063950.37-4,9711
chr12,101439610,101440397,IGF1,41458
chr12,101797228,101797569,PAH,38112
chr12,101866654,101867584,ASCL1,8474
chr12,102420982,102421823,C12orf42,7527
chr12,102442133,102443001,C12orf42,28692
chr12,102476805,102477316,STAB2,28120
chr12,102717454,102717841,NT5DC3,41416
chr12,102759670,102760138,NT5DC3,841
chr12,105106145,105106695,NUAK1,48480
chr12,105196984,105197804,TCP11L2,23316
chr12,105905713,105906227,MTERFD3,912
chr12,105943520,105944302,MTERFD3,38853
chr12,106383504,106384174,AC009774.18-1,20702
chr12,107037359,107038033,WSCD2,9944
chr12,107199620,107200094,AC009729.14,284
chr12,107519900,107520099,TMEM119,3977
chr12,107520101,107520203,TMEM119,4130
chr12,107609762,107610062,CORO1C,39511
chr12,108038176,108038731,UNG,18656
chr12,108038733,108039292,UNG,19215
chr12,108318255,108319440,MYO1H,7977
chr12,108639470,108639884,C12orf34,17277
chr12,108706319,108706945,AC007834.40-1,4688
chr12,108945653,108946552,ANKRD13A,24485
chr12,108996147,108997042,AC007546.6-2,789
chr12,109169607,109170314,ATP2A2,33854
chr12,109193697,109194415,ATP2A2,9758
chr12,109513487,109514180,PPTC7,8387
chr12,109751577,109751872,CCDC63,17469
chr12,110318868,110319611,SH2B3,8895
chr12,111848633,111849395,OAS3,11525
chr12,112143972,112144547,AC010178.40-2,607
chr12,112168035,112168400,AC010178.40-2,24565
chr12,112242271,112242963,SLC24A6,14690
chr12,114791258,114791641,SNORD56,16544
chr12,114792037,114792939,SNORD56,17583
chr12,114794336,114794921,SNORD56,19723
chr12,115221402,115221781,MED13L,22066
chr12,115416403,115416949,NCRNA00173,38933
chr12,115425300,115425674,NCRNA00173,30122
chr12,115425676,115426056,NCRNA00173,29743
chr12,115631299,115631538,C12orf49,28807
chr12,115837565,115838084,FBXW8,4681
chr12,115838422,115838952,FBXW8,5544
chr12,115839227,115839735,FBXW8,6338
chr12,118082548,118083178,HSPB8,18114
chr12,118093962,118094321,HSPB8,6836
chr12,118095119,118095828,HSPB8,5504
chr12,118100660,118101142,HSPB8,76
chr12,118101935,118102307,HSPB8,1144
chr12,119002342,119002697,RAB35,36462
chr12,119058341,119059309,RAB35,19844
chr12,119084400,119085106,GCN1L1,32142
chr12,119123118,119123552,RPLP0P2,61
chr12,119213454,119213580,U4,571
chr12,119213582,119213690,U4,452
chr12,119213692,119213718,U4,383
chr12,119213720,119213740,U4,358
chr12,119213742,119213991,U4,222
chr12,119215077,119215750,U4,9
chr12,119280716,119281372,MSI1,10296
chr12,119287251,119287727,MSI1,3851
chr12,119287795,119288100,MSI1,3393
chr12,119288102,119288213,MSI1,3183
chr12,119457037,119457721,RNF10,865
chr12,120054309,120054714,P2RX7,549
chr12,120093439,120093906,P2RX4,38374
chr12,120097875,120098904,P2RX4,33657
chr12,120107110,120107714,P2RX4,24634
chr12,120125065,120125673,P2RX4,6677
chr12,120149200,120149976,P2RX4,17542
chr12,120674081,120675167,AC084018.28-1,17240
chr12,120677090,120677714,AC084018.28-1,14462
chr12,120715355,120715848,RHOF,375
chr12,120927076,120927676,BCL7A,16867
chr12,120946457,120946909,BCL7A,2440
chr12,121241096,121242130,LRRC43,6597
chr12,121542582,121542930,ZCCHC8,8714
chr12,121542949,121543357,ZCCHC8,8317
chr12,121903990,121904591,HIP1R,18299
chr12,121915025,121915439,HIP1R,29241
chr12,121938777,121939679,VPS37B,7436
chr12,122013698,122014461,OGFOD2,11162
chr12,122113259,122114172,PITPNM2,47212
chr12,122120101,122121250,PITPNM2,40252
chr12,122121252,122121588,PITPNM2,39507
chr12,122121959,122122488,PITPNM2,38704
chr12,122124071,122124514,PITPNM2,36635
chr12,122126325,122126568,PITPNM2,34481
chr12,122126570,122126700,PITPNM2,34292
chr12,122156914,122157517,PITPNM2,3712
chr12,122202422,122202862,PITPNM2,41715
chr12,122440652,122441336,SETD8,6722
chr12,122646123,122646962,DDX55,6082
chr12,123569489,123569925,NCOR2,16394
chr12,123878793,123879154,SCARB1,35372
chr12,123888814,123889442,SCARB1,25217
chr12,123945537,123946136,AC126309.8,6174
chr12,124044363,124044966,BRI3BP,518
chr12,124099599,124100481,AACS,15837
chr12,127662641,127663304,TMEM132C,3687
chr12,128150710,128151151,AC107033.3,4488
chr12,128992599,128993286,TMEM132D,39106
chr12,129179344,129179756,FZD10,33434
chr12,130004561,130004958,GPR133,30
chr12,130329255,130329367,5S_rRNA,20937
chr12,130335481,130336032,5S_rRNA,14492
chr12,130692902,130693319,5S_rRNA,18450
chr12,130910980,130911335,MMP17,32267
chr12,130911337,130912042,MMP17,32799
chr12,130915549,130916430,ULK1,29242
chr12,130922648,130923328,ULK1,22243
chr12,131360674,131361232,AC148477.3,1188
chr12,131552910,131553487,MUC8,7600
chr12,131553489,131554134,MUC8,6987
chr12,131557490,131558220,MUC8,2943
chr12,131708991,131709524,P2RX2,3782
chr12,131709876,131709977,P2RX2,4451
chr12,132042693,132043053,ZNF605,91
chr12,132166149,132166528,ZNF140,771
chr13,18650833,18650907,TUBA3C,3065
chr13,18650909,18651620,TUBA3C,2671
chr13,19103646,19104343,MPHOSPH8,1885
chr13,19266628,19267315,PSPC1,11889
chr13,21001541,21002261,RP11-110K8.1,927
chr13,22174748,22175703,RP11-274P12.2,3119
chr13,22344453,22345270,AL162853.17-1,6565
chr13,22451039,22451736,AL157931.17,1252
chr13,22922294,22922948,SACS,38970
chr13,23599163,23599919,RP11-309I15.2,3589
chr13,23620897,23621455,AL359736.19,11684
chr13,23621741,23622223,AL359736.19,10878
chr13,23733223,23733784,C1QTNF9,45800
chr13,23969147,23969657,PARP4,15545
chr13,25494536,25495334,TMEM46,28262
chr13,26450478,26451278,RP11-545M8.2,1199
chr13,26851862,26852557,Y_RNA,22514
chr13,26897460,26897940,GTF3A,1001
chr13,27096149,27096737,POLR1D,3541
chr13,27507302,27507703,SRP_euk_arch,45782
chr13,28974856,28975335,AL596114.10,15209
chr13,29390927,29391371,RP11-90M5.1,16892
chr13,30088811,30089506,HMGB1,575
chr13,30215095,30215536,ALOX5AP,7647
chr13,30215742,30216441,ALOX5AP,8423
chr13,30400395,30400939,C13orf26,4166
chr13,31540401,31541080,FRY,37304
chr13,32263589,32263888,Y_RNA,28049
chr13,32398573,32399495,RP11-218A18.1,27504
chr13,32431591,32432181,RP11-218A18.1,5348
chr13,32456939,32457566,RP11-218A18.1,30714
chr13,35500283,35501203,AL157694.7,37074
chr13,35501205,35501957,AL157694.7,36236
chr13,35574550,35575033,DCAMKL1,28651
chr13,36101648,36102244,C13orf36,44102
chr13,38121998,38122780,RP11-571G1.1,32313
chr13,38156743,38157594,FREM2,2004
chr13,38158072,38158517,FREM2,878
chr13,38158519,38158774,FREM2,526
chr13,38254517,38255323,AL590007.5,7860
chr13,38362055,38362808,RP11-7B3.3,12092
chr13,39275186,39275894,RP11-304M3.2,14645
chr13,39284322,39284724,RP11-304M3.2,5662
chr13,39653856,39654370,Y_RNA,44850
chr13,40466035,40466325,RP11-2P5.4,714
chr13,40489198,40489862,ELF1,1919
chr13,40533540,40533806,WBP4,12
chr13,40563745,40564517,SRP_euk_arch,29880
chr13,40573865,40574564,SRP_euk_arch,19797
chr13,40980991,40981489,AL354833.9-2,35667
chr13,41254050,41254842,SRP_euk_arch,25366
chr13,42239576,42240801,C13orf30,13562
chr13,44115852,44116473,AL356107.21,15354
chr13,44789089,44789942,AL138963.20-2,17281
chr13,45005597,45006123,5S_rRNA,17878
chr13,45348752,45349625,SIAH3,25342
chr13,45592413,45593004,CPB2,15497
chr13,45593837,45594516,CPB2,16965
chr13,45606949,45607874,CPB2,30200
chr13,45615337,45615793,AL137141.10-1,26314
chr13,46018373,46019113,LRCH1,6560
chr13,46023750,46024207,LRCH1,1325
chr13,47473491,47473877,SUCLA2,222
chr13,48697812,48698615,MLNR,5739
chr13,49247303,49248032,KPNA3,17390
chr13,49562259,49562896,DLEU1,8200
chr13,51378670,51379045,AL162377.10-1,3327
chr13,51379233,51380195,AL162377.10-1,2470
chr13,51391729,51392401,AL162377.10-1,9881
chr13,51401862,51402662,AL162377.10-1,20078
chr13,51408251,51408808,AL162377.10-1,26345
chr13,68158007,68158703,AL355611.11-1,7856
chr13,71185011,71185639,RP11-393H6.3,9004
chr13,72841327,72841980,RP11-30C8.1,38836
chr13,77077112,77077833,Y_RNA,18035
chr13,85061269,85061884,U6,4588
chr13,85061886,85061939,U6,4924
chr13,85061941,85062413,U6,5189
chr13,92674569,92675529,GPC6,2661
chr13,92684300,92685085,GPC6,6982
chr13,94029206,94029735,TGDS,17041
chr13,96629561,96630450,MBNL2,41683
chr13,97328388,97329069,AL356580.13,7335
chr13,97361615,97362270,RP11-383H17.1,10035
chr13,97382136,97383044,IPO5,21339
chr13,97994138,97995095,STK24,32780
chr13,98100534,98101126,RP11-295B17.4,9337
chr13,98109582,98110371,SRP_euk_arch,12258
chr13,98157062,98157388,SRP_euk_arch,34991
chr13,98508643,98509284,DOCK9,27697
chr13,99430169,99430926,ZIC2,1504
chr13,106311527,106312193,AL162574.14-2,2817
chr13,106312195,106312971,AL162574.14-2,2094
chr13,109193894,109194520,IRS2,42708
chr13,112303699,112304212,TUBGCP3,13474
chr13,112318938,112319716,TUBGCP3,28846
chr13,112340302,112341124,C13orf35,8645
chr13,112360475,112361080,C13orf35,11419
chr13,112372225,112372748,ATP11A,20157
chr13,112372750,112373162,ATP11A,19687
chr13,112424823,112425812,ATP11A,32674
chr13,112561990,112562641,MCF2L,34377
chr13,112608217,112608704,MCF2L,11768
chr13,112615829,112616304,MCF2L,19374
chr13,112814899,112815306,F7,6997
chr13,113027803,113028679,LAMP1,28772
chr13,113129489,113130078,ADPRHL1,25969
chr13,113546907,113547439,GAS6,255
chr13,113576530,113576855,GAS6,29774
chr13,113576857,113576918,GAS6,29969
chr13,113576920,113577196,GAS6,30140
chr13,113577198,113577731,GAS6,30546
chr13,113622770,113623461,FAM70B,28757
chr13,113647511,113648127,FAM70B,4053
chr14,20171065,20171409,OR6S1,8452
chr14,21701982,21702984,AE000660.1-14,1399
chr14,21810995,21812131,AE000661.1-1,1870
chr14,21986771,21987342,AE000661.1-8,888
chr14,22305598,22306324,OXA1L,391
chr14,22425661,22426300,REM2,3709
chr14,22611000,22611935,CDH24,14898
chr14,23115436,23116232,JPH4,2014
chr14,23143539,23144179,JPH4,26011
chr14,23203483,23204301,DHRS2,28480
chr14,23204303,23205111,DHRS2,29295
chr14,23435010,23435646,C14orf165,38288
chr14,23600434,23601127,CPNE6,9180
chr14,23641406,23642048,PCK2,8405
chr14,23971671,23972054,KIAA0323,2882
chr14,24022538,24023267,CMA1,24408
chr14,32048566,32049344,AL132988.4-4,18952
chr14,34870485,34871075,PSMA6,39456
chr14,34879660,34880158,PSMA6,48585
chr14,34880160,34880380,PSMA6,48946
chr14,36195310,36195683,PAX9,1036
chr14,36740752,36741321,MIPOL1,4130
chr14,37085920,37086475,FOXA1,48042
chr14,37133850,37133888,FOXA1,370
chr14,37133890,37133930,FOXA1,329
chr14,37133932,37134209,FOXA1,169
chr14,37134727,37135025,FOXA1,637
chr14,37135027,37135125,FOXA1,837
chr14,37135127,37135325,FOXA1,987
chr14,37135327,37135470,FOXA1,1159
chr14,37136030,37136371,FOXA1,1961
chr14,41143650,41143848,LRFN5,2773
chr14,41143850,41144181,LRFN5,2507
chr14,49041888,49042331,AL139099.3-1,46991
chr14,49428687,49429198,ARF6,543
chr14,49529394,49530075,AL117692.5,13252
chr14,49554678,49555326,C14orf182,11015
chr14,49576568,49576989,7SK,28257
chr14,49869443,49870032,ATP5S,20941
chr14,50447024,50447595,PYGL,33674
chr14,50460596,50461434,PYGL,19968
chr14,52220325,52221298,ERO1L,11370
chr14,52688540,52689135,DDHD1,912
chr14,53480061,53480570,BMP4,12963
chr14,53483365,53483835,BMP4,9678
chr14,53499642,53500656,BMP4,6871
chr14,53517143,53518113,AL138479.2,10834
chr14,54808209,54808839,FBXO34,693
chr14,55276818,55277253,AL355773.4,25680
chr14,55277274,55277988,AL355773.4,25084
chr14,57014453,57015258,C14orf105,15467
chr14,57016159,57016993,C14orf105,13746
chr14,57019910,57020533,C14orf105,10101
chr14,57037536,57038347,C14orf105,7619
chr14,57707603,57708084,AL121579.4-1,8398
chr14,57795588,57796215,PSMA3,14556
chr14,57835809,57836228,ARID4A,1044
chr14,57836230,57836315,ARID4A,1298
chr14,57963554,57963794,TIMM9,310
chr14,57963796,57964072,TIMM9,50
chr14,58721510,58722165,DAAM1,3314
chr14,58964653,58965361,GPR135,36805
chr14,59155463,59156293,C14orf38,42633
chr14,60153026,60153278,SIX1,32780
chr14,60153280,60153621,SIX1,32482
chr14,63084346,63084643,PPP2R5E,4663
chr14,63214351,63215065,AL136038.5-2,19118
chr14,63834785,63835868,ESR2,39694
chr14,64353496,64354046,SPTB,5847
chr14,64589617,64590308,MAX,49017
chr14,64646936,64647414,MAX,8196
chr14,64654596,64654903,U2,6263
chr14,64654905,64655522,U2,5799
chr14,64794753,64795423,RPL21P7,9081
chr14,64857241,64858112,AL355076.5-1,41939
chr14,64905853,64906341,FUT8,40965
chr14,66024475,66025329,C14orf53,2061
chr14,66978927,66979213,PLEK2,30490
chr14,66979215,66979467,PLEK2,30761
chr14,66989622,66990114,PLEK2,41288
chr14,66998260,66998668,PLEK2,49884
chr14,67028800,67029274,C14orf83,22917
chr14,67070079,67070980,PLEKHH1,769
chr14,67072383,67072997,PLEKHH1,2930
chr14,67111590,67112222,PIGH,24863
chr14,67291247,67292031,SRP_euk_arch,3626
chr14,67674192,67675053,AL157915.3-1,11755
chr14,67714048,67714902,SRP_euk_arch,28098
chr14,67842982,67843580,AL122013.5-1,32729
chr14,67929727,67930630,AL122013.5-2,28499
chr14,67940897,67941788,AL122013.5-2,17335
chr14,67995114,67996234,AL122013.5-2,36997
chr14,68005090,68005562,AL122013.5-2,46649
chr14,68390489,68390854,AL132986.4-1,7531
chr14,68482386,68482865,ACTN1,33137
chr14,68513845,68514314,ACTN1,1683
chr14,68839377,68840209,GALNTL1,43126
chr14,68894102,68894555,ERH,40445
chr14,68993671,68994256,AL133445.4-2,43436
chr14,69112688,69113447,AL133445.4-1,15128
chr14,69458793,69459544,SMOC1,43273
chr14,70985265,70985985,AC004968.1,467
chr14,71008203,71008677,AC004968.1,23282
chr14,71012231,71013217,AC004968.1,27566
chr14,71037003,71037256,SIPA1L1,28665
chr14,71037258,71037994,SIPA1L1,28168
chr14,72460425,72461354,WDR21A,1948
chr14,72463366,72463523,WDR21A,607
chr14,72463525,72463781,WDR21A,816
chr14,73121326,73122142,AC005225.2,3619
chr14,73138567,73139160,ACOT4,10701
chr14,73170282,73171002,DNAL1,10812
chr14,73265205,73265617,AC006146.2,12931
chr14,73289232,73289963,C14orf43,34051
chr14,73292980,73293492,C14orf43,30412
chr14,73311913,73312620,C14orf43,11382
chr14,73314018,73314472,C14orf43,9403
chr14,73318790,73319692,C14orf43,4407
chr14,73321855,73322458,C14orf43,1492
chr14,73373360,73373710,PTGR2,14845
chr14,73555515,73555591,C14orf45,319
chr14,73555593,73555910,C14orf45,121
chr14,73683325,73684107,AC006349.3-1,27195
chr14,73839319,73839820,ABCD4,58
chr14,73845213,73845704,ABCD4,5947
chr14,73893110,73893492,C14orf115,8383
chr14,74062434,74062782,ISCA2,32393
chr14,74458711,74459365,RPS6KL1,660
chr14,74511764,74512627,PGF,19976
chr14,74514765,74515172,PGF,22749
chr14,74515224,74515609,PGF,23197
chr14,74606189,74606614,FAM164C,350
chr14,74742582,74743377,AL691403.2,4355
chr14,74788753,74789202,FOS,26306
chr14,74791455,74792217,FOS,23447
chr14,74794979,74795470,FOS,20059
chr14,74795472,74795534,FOS,19780
chr14,74796477,74796843,FOS,18623
chr14,74811790,74812187,FOS,3295
chr14,74819664,74820155,FOS,4626
chr14,74826482,74827105,AF111167.2,3975
chr14,74988516,74989143,JDP2,20240
chr14,75057530,75057993,BATF,775
chr14,75083584,75084108,BATF,25310
chr14,75098178,75098767,FLVCR2,16240
chr14,75102471,75102896,FLVCR2,12029
chr14,75190066,75191015,C14orf1,6371
chr14,76310818,76311545,VASH1,12897
chr14,76383062,76383431,C14orf166B,20779
chr14,76427496,76428362,AF111169.2-2,1562
chr14,76436328,76437108,AF111169.2-2,10351
chr14,76441033,76441739,AF111169.2-2,15019
chr14,76455411,76455947,AF111169.2-2,29312
chr14,76460890,76461758,AF111169.2-2,34957
chr14,76489510,76489916,AC007686.5,15065
chr14,76512561,76513098,AC007686.5,8051
chr14,76516443,76517275,AC007686.5,12081
chr14,76605482,76606103,KIAA1737,28538
chr14,76624510,76624876,KIAA1737,9637
chr14,76646941,76647786,KIAA1737,13033
chr14,76678027,76678377,ZDHHC22,2369
chr14,76680235,76680894,ZDHHC22,4731
chr14,76681083,76681530,ZDHHC22,5473
chr14,76732415,76732822,SNORA32,4617
chr14,76854116,76854609,POMT2,2615
chr14,76910319,76911130,TMED8,2480
chr14,76935936,76937132,5S_rRNA,3555
chr14,77353322,77354095,Y_RNA,3529
chr14,77700553,77700934,5S_rRNA,13273
chr14,80761717,80762366,GTF2A1,4995
chr14,80823470,80824296,AL136040.5-2,41224
chr14,80944593,80945384,STON2,10309
chr14,89491784,89491917,TDP1,148
chr14,89491919,89492050,TDP1,14
chr14,89492052,89492189,TDP1,122
chr14,89824080,89824793,AL161662.6,12799
chr14,89827925,89828315,AL161662.6,16483
chr14,89960585,89961237,CALM1,27786
chr14,89980303,89980621,CALM1,47337
chr14,90624726,90625316,C14orf159,25088
chr14,90662515,90663024,SNORA11,248
chr14,90663689,90664251,SNORA11,1449
chr14,90709352,90710260,SNORA11,47285
chr14,90827217,90827642,GPR68,37453
chr14,90928908,90929688,CCDC88C,24587
chr14,90930090,90930853,CCDC88C,23414
chr14,90954163,90954668,CCDC88C,530
chr14,90954670,90954932,CCDC88C,916
chr14,90956772,90957265,CCDC88C,3133
chr14,91413423,91414161,TC2N,41357
chr14,91874108,91874822,SLC24A4,15792
chr14,91884375,91884573,SLC24A4,25801
chr14,91884575,91884885,SLC24A4,26057
chr14,92499942,92500640,CHGA,41094
chr14,92616254,92616653,ITPK1,35526
chr14,92620119,92620530,ITPK1,31655
chr14,92622748,92623406,ITPK1,28902
chr14,92671236,92671968,ITPK1,19623
chr14,92688311,92689086,MOAP1,32303
chr14,93495498,93496297,ASB2,2378
chr14,93857320,93857898,SERPINA6,1831
chr14,93858632,93859266,SERPINA6,491
chr14,93870739,93871630,SERPINA6,11744
chr14,93912119,93912386,SERPINA2,9465
chr14,93926789,93927367,SERPINA1,297
chr14,93988592,93989531,SERPINA11,187
chr14,94172528,94173242,SERPINA13,3929
chr14,94179608,94180171,SERPINA13,3075
chr14,94180173,94180671,SERPINA13,3608
chr14,94273637,94274071,GSC,32397
chr14,94697792,94698256,DICER1,4513
chr14,94733822,94734318,AL356017.3,20338
chr14,94901022,94901645,CLMN,45379
chr14,94977054,94977797,C14orf49,34500
chr14,95021390,95022171,C14orf49,9855
chr14,95047682,95048378,SCARNA13,21688
chr14,95052210,95052652,SCARNA13,17287
chr14,95066308,95066983,SCARNA13,3073
chr14,95152743,95153391,TCL6,33520
chr14,95169578,95170092,TCL6,16752
chr14,95170094,95170793,TCL6,16144
chr14,95760167,95761146,BDKRB2,19707
chr14,95799431,95799923,BDKRB1,7378
chr14,95799972,95800831,BDKRB1,8102
chr14,96165336,96165931,7SK,8970
chr14,96170226,96170603,7SK,4189
chr14,96170605,96171128,7SK,3737
chr14,97036055,97036900,AL355098.3-1,29780
chr14,97046108,97047031,AL355098.3-1,19688
chr14,97310130,97311054,AL355097.5,11672
chr14,98519735,98520396,AL162151.3,10662
chr14,99050571,99051043,CCNK,33316
chr14,99091233,99092068,Y_RNA,27456
chr14,99114891,99115305,Y_RNA,4008
chr14,99126719,99127195,Y_RNA,7851
chr14,99595670,99596116,hsa-mir-342,49851
chr14,99627630,99628210,hsa-mir-342,17824
chr14,99632680,99633167,hsa-mir-342,12821
chr14,99643053,99643467,hsa-mir-342,2484
chr14,99678843,99679268,DEGS2,16656
chr14,99687862,99688192,DEGS2,7684
chr14,99688194,99688447,DEGS2,7391
chr14,99706871,99707539,DEGS2,11494
chr14,99728752,99729257,DEGS2,33293
chr14,99749703,99750307,YY1,24849
chr14,99861183,99861906,C14orf68,2113
chr14,99953722,99954500,WDR25,41566
chr14,100076130,100076584,BEGAIN,29526
chr14,100110257,100110687,BEGAIN,4589
chr14,100196543,100197350,C14orf70,3589
chr14,100353188,100354134,AL117190.6-2,8554
chr14,100365617,100366063,AL117190.6-1,854
chr14,100408343,100408713,hsa-mir-337,2054
chr14,101109531,101110001,DIO3,12102
chr14,102008605,102009105,U6,28910
chr14,102009107,102009788,U6,28318
chr14,102049742,102050582,ANKRD9,4282
chr14,102094515,102095345,AL136293.5-1,24331
chr14,102262321,102262893,Y_RNA,31130
chr14,102262895,102263276,Y_RNA,31608
chr14,102404482,102405011,U6,2801
chr14,102407045,102407589,U6,5372
chr14,102409647,102410011,AL117209.7-2,5881
chr14,102417091,102417687,AL117209.7-2,1679
chr14,103071276,103071766,TRMT61A,6221
chr14,103072252,103072947,TRMT61A,7299
chr14,103074918,103075393,TRMT61A,9855
chr14,103091998,103092466,BAG5,6671
chr14,103162516,103163060,KLC1,2489
chr14,103229422,103230176,XRCC3,21736
chr14,103272264,103272558,ZFYVE21,20514
chr14,103272560,103272788,ZFYVE21,20777
chr14,103273058,103273667,ZFYVE21,21465
chr14,103416121,103416802,PPP1R13B,32782
chr14,103424236,103424942,C14orf2,33029
chr14,103461871,103462406,TDRD9,2413
chr14,103466209,103466843,TDRD9,1975
chr14,103620754,103621039,ASPG,8409
chr14,103621041,103621126,ASPG,8222
chr14,103621128,103621747,ASPG,7868
chr14,104243043,104243511,INF2,16290
chr14,104569554,104569917,CDCA4,11198
chr14,104569919,104570213,CDCA4,11529
chr14,104587752,104588256,GPR132,14794
chr14,104687588,104688232,JAG2,18295
chr14,104719779,104720298,NUDT14,1353
chr14,104837839,104838440,BRF1,234
chr14,104866027,104866698,PACS2,14237
chr14,104917567,104918118,MTA1,39359
chr14,104959990,104960647,MTA1,3117
chr14,104980193,104980967,MTA1,23379
chr14,105075542,105075987,AL928742.9,1144
chr14,105096693,105097516,AL928742.10,10029
chr14,105118954,105119855,IGHA2,6371
chr14,105126370,105127125,IGHA2,972
chr14,105127127,105127525,IGHA2,1551
chr14,105138844,105139350,IGHE,11
chr14,105140862,105140904,IGHE,1775
chr14,105140906,105141634,IGHE,2162
chr14,105162028,105162511,IGHG4,1177
chr14,105181615,105182592,IGHG2,67
chr14,105205738,105206513,AL928761.2,1100
chr14,105206892,105207666,AL928761.2,54
chr14,105246777,105247300,IGHA1,993
chr14,105247302,105248053,IGHA1,1632
chr14,105248055,105248330,IGHA1,2147
chr14,105278949,105279699,IGHM,1127
chr14,105280123,105280468,IGHM,156
chr14,105306505,105307491,IGHG3,1788
chr14,105380629,105381221,IGHD,2129
chr14,105395734,105396377,IGHM,2689
chr14,105436285,105436802,AB019441.1-1,1013
chr14,105436804,105437365,AB019441.1-1,472
chr14,105451503,105452268,AB019441.1-12,593
chr14,105579574,105580115,IGHV3-6,3431
chr14,105693600,105694330,AB019440.1-7,576
chr14,105694332,105694460,AB019440.1-7,1007
chr14,105694462,105694485,AB019440.1-7,1084
chr14,105694487,105694537,AB019440.1-7,1123
chr14,105694539,105694760,AB019440.1-7,1260
chr14,105878729,105879245,AB019439.1-7,2299
chr14,105916990,105917745,AB019439.1-10,549
chr14,105917747,105918547,AB019439.1-10,1329
chr14,106085860,106086856,AB019438.1-6,1917
chr15,20459540,20460241,CYFIP1,15787
chr15,20460243,20460671,CYFIP1,16354
chr15,20468846,20469480,CYFIP1,25060
chr15,23644474,23645023,ATP10A,16663
chr15,23657273,23658161,ATP10A,3694
chr15,25633528,25634072,AC090696.6,37025
chr15,27902606,27903299,TJP1,955
chr15,28907389,28907957,AC004460.1-4,26873
chr15,31148172,31148452,FMN1,936
chr15,31163022,31163799,FMN1,16034
chr15,31281169,31281904,AC019278.6,7348
chr15,36672666,36673627,RASGRP1,28923
chr15,37613812,37614344,THBS1,46493
chr15,37863684,37864122,FSIP1,1573
chr15,38134657,38135567,AC021755.9-4,16309
chr15,38414231,38414580,C15orf52,6054
chr15,38414582,38414617,C15orf52,5860
chr15,38414619,38415043,C15orf52,5628
chr15,38488732,38489560,IVD,4169
chr15,38823799,38824155,FAM82A2,10772
chr15,38905448,38906081,PPP1R14D,2462
chr15,39045350,39046487,CHAC1,12958
chr15,39048314,39048790,CHAC1,15592
chr15,39991360,39992021,SPTBN5,18124
chr15,40093919,40094767,PLA2G4E,36336
chr15,40142229,40143067,PLA2G4E,11969
chr15,40146012,40146627,PLA2G4E,15640
chr15,40163784,40164390,PLA2G4D,9956
chr15,40164540,40165277,PLA2G4D,9135
chr15,41012497,41013360,AC090514.1,6781
chr15,42575884,42576740,AC009996.7,40100
chr15,47547821,47548755,FGF7,45538
chr15,47700145,47700441,C15orf33,116
chr15,47700443,47700663,DTWD1,9
chr15,47700665,47701084,DTWD1,312
chr15,48261003,48261453,SLC27A2,456
chr15,48306400,48307111,Y_RNA,5379
chr15,48433306,48434276,GABPB1,895
chr15,48765478,48765870,TRPM7,612
chr15,48765872,48765972,TRPM7,364
chr15,48766144,48766267,TRPM7,81
chr15,48766269,48766328,TRPM7,12
chr15,48766330,48766554,TRPM7,156
chr15,48766556,48766668,TRPM7,326
chr15,48769863,48770559,AC012100.7-1,1823
chr15,48844389,48845009,AC012100.1,502
chr15,48845076,48845330,AC012100.1,2
chr15,48857693,48858231,AC012100.1,12761
chr15,48877303,48877591,AC012100.1,32246
chr15,48877593,48877879,AC012100.1,32535
chr15,48956442,48956981,AP4E1,31526
chr15,48965245,48965793,AP4E1,22718
chr15,48987911,48988377,AP4E1,93
chr15,49172092,49172579,TNFAIP8L3,12429
chr15,49797354,49797733,LYSMD2,20064
chr15,49798276,49798881,LYSMD2,19029
chr15,49816104,49816518,LYSMD2,1296
chr15,49816520,49816785,LYSMD2,955
chr15,49855298,49855800,TMOD2,24448
chr15,49855802,49855814,TMOD2,24707
chr15,49855816,49856136,TMOD2,24875
chr15,50933819,50934573,RPSAP55,29791
chr15,50945912,50946657,RPSAP55,17703
chr15,51818842,51819626,WDR72,23132
chr15,53847995,53848824,AC009997.7,7818
chr15,53854982,53855420,AC009997.7,14610
chr15,55671129,55671495,GRINL1A,93
chr15,55671497,55671508,GRINL1A,97
chr15,55671510,55672004,GRINL1A,352
chr15,58472567,58472822,ANXA2,4782
chr15,58472824,58472970,ANXA2,4579
chr15,60192524,60192910,FAM148A,46250
chr15,60859002,60859818,hsa-mir-190,43798
chr15,60861549,60862200,hsa-mir-190,41334
chr15,60864913,60865553,hsa-mir-190,37975
chr15,60879817,60880360,hsa-mir-190,23120
chr15,60911524,60911870,hsa-mir-190,8489
chr15,60911872,60912276,hsa-mir-190,8866
chr15,60923986,60924262,hsa-mir-190,20916
chr15,60924264,60924515,hsa-mir-190,21181
chr15,60924517,60925203,hsa-mir-190,21652
chr15,61046120,61047121,AC079328.11,14196
chr15,61057244,61058158,AC079328.11,25277
chr15,61074201,61074647,AC079328.11,42000
chr15,61074677,61075343,AC079328.11,42586
chr15,61098041,61098572,TPM1,23584
chr15,61098914,61099452,TPM1,22707
chr15,61458551,61459179,CA12,2262
chr15,61459849,61460409,CA12,998
chr15,61467038,61467784,CA12,6284
chr15,61474801,61475419,CA12,13983
chr15,61553239,61553658,USP3,30414
chr15,61953582,61954463,hsa-mir-422a,3752
chr15,61963967,61964488,hsa-mir-422a,13957
chr15,61975915,61976738,hsa-mir-422a,26056
chr15,61993415,61993638,hsa-mir-422a,43256
chr15,62600905,62601870,ZNF609,22716
chr15,62703124,62703501,Y_RNA,28827
chr15,62703535,62704143,Y_RNA,28300
chr15,62782918,62783258,OAZ2,12229
chr15,62783260,62783687,OAZ2,12614
chr15,62892356,62892818,C15orf20,12332
chr15,63277567,63278208,CILP,12976
chr15,63306590,63307185,U6,2364
chr15,63384681,63384835,U5,691
chr15,63384837,63385055,U5,879
chr15,63422143,63422603,IGDCC3,35057
chr15,63444638,63445400,IGDCC3,12411
chr15,63678947,63679716,C15orf44,11190
chr15,63911870,63912817,RAB11A,36506
chr15,63949773,63950340,RAB11A,1207
chr15,64369998,64370706,DIS3L,2361
chr15,64444356,64445091,TIPIN,8641
chr15,64637693,64638238,LCTL,6923
chr15,65194124,65194799,SMAD3,49213
chr15,65333318,65333851,AC012568.7,478
chr15,65629656,65630511,MAP2K5,8009
chr15,66871724,66872493,AC090734.6,468
chr15,67561780,67562610,U3,24654
chr15,67579062,67579816,U3,41898
chr15,68108664,68109561,hsa-mir-629,49748
chr15,68171468,68171809,TLE3,5671
chr15,68275920,68276595,U6,3629
chr15,68277312,68278062,U6,5059
chr15,68972186,68972325,LRRC49,215
chr15,69163257,69163953,THSD4,12739
chr15,69184071,69184785,THSD4,8084
chr15,69186784,69187395,THSD4,10745
chr15,69190541,69191182,THSD4,14517
chr15,69193654,69193848,THSD4,17407
chr15,69193850,69194175,THSD4,17668
chr15,69758730,69759347,AC104943.8,46363
chr15,70310676,70311048,PKM2,125
chr15,71775269,71775851,CD276,11886
chr15,71791361,71791709,CD276,27861
chr15,71791711,71791966,CD276,28164
chr15,71795936,71796369,CD276,32478
chr15,71807104,71807445,C15orf59,23594
chr15,71822432,71823198,C15orf59,8053
chr15,71856763,71857459,C15orf59,26243
chr15,71860685,71861020,C15orf59,29984
chr15,71988706,71989465,LOXL1,16756
chr15,72019918,72020500,LOXL1,14368
chr15,72030546,72031159,LOXL1,25011
chr15,72090316,72090934,PML,16559
chr15,72103416,72103946,PML,29615
chr15,72103997,72104822,PML,30343
chr15,72648862,72649311,ARID3B,28487
chr15,72677406,72678043,CLK3,10041
chr15,72803882,72804641,CYP1A1,742
chr15,72805228,72805792,CYP1A1,507
chr15,72843009,72843432,CYP1A2,14984
chr15,72850231,72850935,CSK,11184
chr15,72868509,72868752,CSK,6863
chr15,72868799,72868889,CSK,7077
chr15,72868891,72869337,CSK,7347
chr15,72896162,72896591,CPLX3,760
chr15,72896593,72897383,CPLX3,1372
chr15,72899485,72900017,CPLX3,4135
chr15,72900945,72901388,CPLX3,5550
chr15,72908434,72908970,CPLX3,13086
chr15,72926635,72927594,ULK3,4582
chr15,72970874,72971286,MPI,1631
chr15,73115429,73115720,PPCDC,12595
chr15,73115722,73116122,PPCDC,12943
chr15,73448836,73449538,MAN2C1,1194
chr15,73754465,73754939,AC105020.18-2,3024
chr15,73761637,73762554,AC105020.18-2,4369
chr15,73889274,73889823,AC019294.7-3,11784
chr15,74138373,74139267,C15orf27,533
chr15,74187197,74188223,C15orf27,48357
chr15,74188225,74188687,C15orf27,49103
chr15,74188689,74188968,C15orf27,49475
chr15,75676109,75676762,LINGO1,35451
chr15,75751119,75751458,LINGO1,39402
chr15,76180922,76181170,SNORA63,10353
chr15,76181172,76181253,SNORA63,10519
chr15,76214404,76215339,CIB2,3939
chr15,76219743,76220159,IDH3A,8822
chr15,76225399,76226069,IDH3A,3039
chr15,76354474,76354879,DNAJA4,11126
chr15,77010939,77011151,CTSH,13429
chr15,77011153,77011398,CTSH,13199
chr15,77258393,77259060,hsa-mir-184,30458
chr15,77427284,77428079,TMED3,37142
chr15,78748242,78748704,U6,5306
chr15,78758831,78759317,FAM108C1,15632
chr15,78759319,78759932,FAM108C1,15081
chr15,78776251,78776831,FAM108C1,1835
chr15,78822507,78823150,KIAA1199,35938
chr15,78828674,78829556,KIAA1199,29651
chr15,78953218,78953892,hsa-mir-549,32087
chr15,79064054,79064763,MESDC2,4851
chr15,79171177,79172063,AC068870.17,26115
chr15,79383225,79383280,STARD5,20326
chr15,79383282,79383665,STARD5,20105
chr15,79467319,79468156,TMC3,14228
chr15,79477867,79478302,TMC3,24575
chr15,79892365,79893181,AC104041.5,35856
chr15,81402636,81403003,HOMER2,9661
chr15,81411844,81412560,HOMER2,278
chr15,81670413,81671249,AC024270.6,3058
chr15,82969730,82970097,SCAND2,5781
chr15,82998519,82998872,WDR73,171
chr15,83185260,83185715,SNORA25,11362
chr15,83325280,83325575,PDE8A,753
chr15,83675522,83675806,AKAP13,49210
chr15,86828775,86829607,MRPS11,17504
chr15,86982932,86983402,ISG20,190
chr15,87453140,87453707,ABHD2,20995
chr15,87459571,87460370,ABHD2,27542
chr15,87465699,87466101,ABHD2,33472
chr15,87474136,87474469,ABHD2,41874
chr15,87501265,87502270,AC124068.6,44248
chr15,87729744,87730237,hsa-mir-9-3,17739
chr15,87742808,87743222,hsa-mir-9-3,30764
chr15,87794629,87795200,RHCG,45904
chr15,87795879,87796498,RHCG,44630
chr15,87839662,87840080,RHCG,947
chr15,88099116,88099370,MESP1,3697
chr15,88100986,88101469,MESP1,5681
chr15,88111041,88111569,MESP2,9287
chr15,88126471,88127226,MESP2,6256
chr15,88169890,88170445,ANPEP,11092
chr15,88172008,88172669,ANPEP,13263
chr15,88172671,88172703,ANPEP,13612
chr15,88172705,88173446,ANPEP,14000
chr15,88181493,88182140,ANPEP,22741
chr15,88250230,88250700,AC027176.22-1,6457
chr15,88250702,88250894,AC027176.22-1,6124
chr15,88342556,88343185,ZNF710,2885
chr15,88379642,88380128,ZNF710,34130
chr15,88439754,88439841,IDH2,6914
chr15,88439843,88440053,IDH2,6763
chr15,88444052,88444646,IDH2,2362
chr15,88505057,88505400,AC091167.19-2,5243
chr15,89335772,89336700,PRC1,2577
chr15,90318238,90318674,AC104236.2,2225
chr15,90988471,90988792,FAM174B,11403
chr15,90988875,90989182,FAM174B,11006
chr15,90989618,90990430,FAM174B,10010
chr15,91090154,91090702,AC091544.11-1,12000
chr15,92422175,92423113,AC080032.12,2779
chr15,94060733,94061247,U2,29046
chr15,94104689,94105438,U2,15027
chr15,94127228,94128161,AC015574.8-1,1183
chr15,94716842,94717526,hsa-mir-1469,39691
chr15,96816644,96817239,FAM169B,29788
chr15,96852447,96853502,FAM169B,6245
chr15,97376463,97377125,AC069029.9,10481
chr15,97461135,97461964,SYNM,1379
chr15,97922646,97923332,MEF2A,722
chr15,98874760,98875461,LASS3,27337
chr15,99202294,99203098,ALDH1A3,34883
chr15,99605848,99606516,CHSY1,3477
chr15,99969361,99970249,AC090164.22,36232
chr15,99971085,99971542,AC090164.22,34724
chr15,99971730,99972110,AC090164.22,34117
chr15,99972112,99972175,AC090164.22,33894
chr15,99972177,99972741,AC090164.22,33578
chr15,100055893,100056584,AC027559.17,14998
chr16,263671,264127,RGS11,2030
chr16,298492,299158,PDIA2,25707
chr16,313942,314918,AXIN1,28034
chr16,317107,317868,AXIN1,24977
chr16,358633,359479,MRPL28,1512
chr16,369562,369948,TMEM8,2223
chr16,440357,441004,RP1-196A12.1,724
chr16,441663,442144,RP1-196A12.1,499
chr16,548449,549276,C16orf11,1560
chr16,577749,578182,RAB40C,2211
chr16,578184,578569,RAB40C,1800
chr16,583482,583865,RAB40C,3497
chr16,631574,631914,AL022341.6,56
chr16,641560,642119,WDR90,2476
chr16,772972,773480,MSLNL,300
chr16,833560,834556,AL023882.4,38615
chr16,1072073,1072648,SSTR5,9604
chr16,1180725,1181243,TPSG1,34272
chr16,1181245,1181691,TPSG1,33788
chr16,1181700,1181905,TPSG1,33454
chr16,1181907,1182285,TPSG1,33160
chr16,1273247,1273957,PRSS29P,6854
chr16,1277561,1278171,PRSS29P,11118
chr16,1278173,1278518,PRSS29P,11597
chr16,1279601,1280042,PRSS29P,13073
chr16,1283910,1284476,UBE2I,14987
chr16,1286637,1287400,UBE2I,12162
chr16,1298601,1299069,UBE2I,345
chr16,1313486,1314369,RPS20P2,5152
chr16,1368898,1369381,GNPTG,27207
chr16,1404800,1405706,C16orf28,553
chr16,1451145,1451510,CLCN7,13685
chr16,1483298,1483856,TELO2,213
chr16,1563330,1563893,IFT140,37247
chr16,1620730,1621397,Z97652.9,18254
chr16,1641830,1642184,C16orf34,26271
chr16,1817587,1818223,FAHD1,679
chr16,1822992,1823457,FAHD1,5998
chr16,2019817,2020429,SLC9A3R2,3200
chr16,2216451,2216888,E4F1,3102
chr16,2240420,2240965,DCI,911
chr16,2319621,2320147,ABCA3,10863
chr16,2320149,2320221,ABCA3,10562
chr16,2320223,2320522,ABCA3,10375
chr16,2329474,2330253,ABCA3,884
chr16,2708990,2709344,PRSS27,1385
chr16,2709346,2709702,PRSS27,1028
chr16,2734564,2735234,AC092117.4-2,4094
chr16,2776325,2776669,PRSS33,953
chr16,2848016,2848354,PRSS22,14
chr16,2902235,2902978,FLYWCH1,626
chr16,3057147,3057650,IL32,2085
chr16,3169159,3169780,AJ003147.1-1,8438
chr16,4103402,4103925,ADCY9,2523
chr16,4132482,4132556,ADCY9,26333
chr16,4132558,4132844,ADCY9,26515
chr16,4358737,4359073,VASN,2944
chr16,4359075,4359593,VASN,2515
chr16,4361475,4362089,VASN,67
chr16,4370516,4370813,VASN,8815
chr16,4370815,4371167,VASN,9142
chr16,4376767,4376976,VASN,15022
chr16,4606462,4607104,FAM100A,1856
chr16,4674827,4675358,NUDT16L1,8624
chr16,4935670,4936211,Y_RNA,5952
chr16,4966886,4967462,SEC14L5,18856
chr16,5313056,5313898,AC074051.4-1,42320
chr16,5345067,5345731,AC074051.4-1,10398
chr16,8675289,8675588,ABAT,489
chr16,8675590,8675675,ABAT,295
chr16,8680581,8681056,SRP_euk_arch,3793
chr16,8693641,8694560,AC007224.5-1,9488
chr16,8777548,8777957,C16orf51,21238
chr16,8787734,8788487,C16orf51,10880
chr16,8799377,8800016,PMM2,504
chr16,9049074,9049560,AC087190.5-1,36761
chr16,10503464,10504276,U6,6241
chr16,10884484,10885106,CIITA,17148
chr16,10912941,10913849,DEXI,30421
chr16,11213568,11214383,AC009121.8-1,30032
chr16,11260088,11260816,SOCS1,2913
chr16,11263050,11263817,SOCS1,5894
chr16,11275367,11276145,SNORA48,163
chr16,11360794,11361468,C16orf75,42995
chr16,11364639,11365319,C16orf75,46843
chr16,11707331,11707995,TXNDC11,36485
chr16,12000914,12001263,RUNDC2A,22986
chr16,12207277,12207830,AC092365.3,3212
chr16,14026660,14027449,MKL2,45642
chr16,14113954,14114620,MKL2,41591
chr16,14346809,14347503,hsa-mir-365-1,36514
chr16,14964711,14965029,PDXDC1,11616
chr16,14989661,14989970,PDXDC1,13329
chr16,14989972,14990367,PDXDC1,13683
chr16,14997860,14998769,PDXDC1,21828
chr16,15035600,15036323,NTAN1,21382
chr16,17452036,17452590,XYLT1,19925
chr16,17460943,17461391,XYLT1,11071
chr16,19050116,19050808,ITPRIPL2,17680
chr16,19818087,19818529,GPRC5B,14657
chr16,20219040,20219723,GP2,27021
chr16,20348082,20348963,AC137056.3,15118
chr16,20506575,20507259,AC141273.2,5025
chr16,20592705,20593297,ACSM1,17077
chr16,20637732,20638428,AC004381.1-1,3097
chr16,20799837,20800677,DCUN1D3,18903
chr16,20819605,20819936,LYRM1,156
chr16,20820293,20820798,LYRM1,619
chr16,21430268,21430871,SLC7A5P1,8696
chr16,21431210,21431950,SLC7A5P1,7685
chr16,22010792,22011206,VWA3A,363
chr16,22151705,22152062,EEF2K,26791
chr16,23056551,23057319,USP31,11156
chr16,23067404,23068026,USP31,376
chr16,23145468,23145970,SCNN1G,44179
chr16,23243473,23244086,SCNN1B,22688
chr16,23420320,23420786,GGA2,8755
chr16,23458986,23460034,UBFD1,16382
chr16,24956246,24957026,ARHGAP17,22461
chr16,24958758,24959387,ARHGAP17,24897
chr16,24959389,24960114,ARHGAP17,25576
chr16,25038447,25038854,LCMT1,8103
chr16,27282745,27283325,IL21R,38188
chr16,27562439,27562886,AC016597.4-2,18059
chr16,27815421,27815769,U6,33523
chr16,28528581,28528974,SULT1A2,48
chr16,29121091,29121682,AC009093.10-1,46287
chr16,29209471,29210375,RUNDC2B,237
chr16,29213069,29213822,AC025279.6,3285
chr16,29227005,29227567,AC025279.6,17126
chr16,29229279,29229864,AC025279.6,19411
chr16,29229866,29229948,AC025279.6,19747
chr16,29229950,29230437,AC025279.6,20033
chr16,29523671,29524251,AC009086.6-2,8500
chr16,29979893,29980009,ALDOA,8007
chr16,29980011,29980206,ALDOA,8164
chr16,29984266,29984552,PPP4C,10429
chr16,29994011,29994511,PPP4C,577
chr16,30008874,30009059,TBX6,1742
chr16,30009061,30009560,TBX6,1398
chr16,30586279,30586888,AC093249.4-1,7621
chr16,30586890,30587321,AC093249.4-1,7099
chr16,30705168,30705782,ZNF629,548
chr16,30739978,30740810,AC106886.3-2,464
chr16,30775263,30775676,AC106886.3-2,34611
chr16,30775678,30775813,AC106886.3-2,34887
chr16,30775815,30776246,AC106886.3-2,35172
chr16,30921284,30921834,STX1B2,7716
chr16,31049856,31050299,PRSS8,4242
chr16,31426685,31427169,C16orf58,279
chr16,31450480,31451120,ERAF,4121
chr16,33863721,33864406,AC136932.4-2,5089
chr16,33864583,33864928,AC136932.4-2,4397
chr16,34615748,34616333,AC092325.2,19595
chr16,34652539,34653193,AC092325.2,17231
chr16,34656725,34657347,AC092325.2,21401
chr16,34673257,34673684,AC092325.2,37835
chr16,45328162,45328563,MYLK3,11359
chr16,45493522,45494255,GPT2,18080
chr16,45510142,45510976,AC018845.7,5952
chr16,46718925,46719186,ABCC12,19126
chr16,46728431,46728835,ABCC12,9548
chr16,46826879,46827732,LONP2,8406
chr16,46996550,46997646,SIAH1,20369
chr16,48705739,48706786,Y_RNA,16587
chr16,48720939,48721496,PAPD5,24062
chr16,49297425,49298382,CARD15,9353
chr16,51636736,51637442,CHD9,9356
chr16,51690715,51691518,CHD9,44671
chr16,52323792,52324474,FTO,28758
chr16,53864236,53865073,AC109462.2-1,18431
chr16,55168131,55168736,MT4,11972
chr16,55220768,55221240,MT1M,3030
chr16,55230809,55231523,MT1A,1088
chr16,55240637,55241059,MT1CP,1188
chr16,55251501,55252070,MT1F,2430
chr16,55426941,55427559,hsa-mir-138-2,22680
chr16,55452719,55453082,hsa-mir-138-2,2970
chr16,55460759,55461709,SLC12A3,4592
chr16,56155178,56155813,GPR114,21394
chr16,56213577,56214134,GPR56,6167
chr16,56214215,56214568,GPR56,5631
chr16,56214570,56214627,GPR56,5424
chr16,57062341,57063389,NDRG4,7748
chr16,57089706,57090152,U6,1617
chr16,57263577,57263963,SLC38A7,12404
chr16,57268443,57269264,SLC38A7,7321
chr16,64869538,64869948,5S_rRNA,23469
chr16,64886495,64887233,5S_rRNA,6348
chr16,65104399,65105426,TK2,36903
chr16,66020657,66021463,HSD11B2,1476
chr16,66036812,66037418,AC009061.10-1,12160
chr16,66185878,66186876,CTCF,32567
chr16,66267889,66268687,C16orf86,10069
chr16,66484894,66485337,PSKH1,411
chr16,66539634,66539962,LCAT,4283
chr16,66551413,66552246,SLC12A4,8196
chr16,66570938,66571631,DPEP3,668
chr16,66593562,66594325,DPEP2,3087
chr16,66594327,66594770,DPEP2,3692
chr16,66597243,66597948,DPEP2,6739
chr16,66606765,66607235,U6,2220
chr16,66655990,66656664,AC130462.3-3,9040
chr16,66825516,66826234,RBM35B,1761
chr16,66829269,66829794,RBM35B,1895
chr16,66919467,66919974,U4,1212
chr16,66923777,66924314,U4,3113
chr16,67008030,67008567,SMPD3,31606
chr16,67017409,67018384,SMPD3,22008
chr16,67299148,67299885,CDH1,29179
chr16,67336162,67336532,5S_rRNA,2463
chr16,67337109,67337494,5S_rRNA,3417
chr16,67550527,67550995,AC009137.8,31046
chr16,68318160,68318720,NQO1,407
chr16,68372212,68372822,AC092115.2-2,77
chr16,68728045,68728501,PDPR,23244
chr16,68982005,68982792,DDX19A,44077
chr16,68982794,68983379,DDX19A,44765
chr16,69298172,69298782,AC020763.6-1,17538
chr16,70003190,70004194,ZNF23,49958
chr16,70255037,70255655,U6,2148
chr16,70399985,70400643,AP1G1,162
chr16,71527374,71527947,AC132068.2,48596
chr16,71536164,71536760,AC132068.2,39794
chr16,71588486,71589047,AC132068.2,12510
chr16,71606893,71607295,AC132068.2,30838
chr16,71607297,71607374,AC132068.2,31079
chr16,71607376,71607765,AC132068.2,31314
chr16,71646826,71647222,ATBF1,7250
chr16,73541815,73542204,WDR59,34508
chr16,73542206,73542565,WDR59,34132
chr16,73590169,73590276,ZNRF1,193
chr16,73590278,73590547,ZNRF1,3
chr16,73621050,73621754,ZNRF1,30987
chr16,73841456,73841897,BCAR1,17775
chr16,73901100,73901935,BCAR1,42066
chr16,74010775,74011608,CFDP1,13696
chr16,74015814,74016585,CFDP1,8688
chr16,74147631,74148045,AC009163.6,168
chr16,76267005,76267992,AC092724.2,34200
chr16,77841272,77842282,5S_rRNA,14074
chr16,77844446,77844907,5S_rRNA,11175
chr16,79400751,79401423,CDYL2,5408
chr16,79429094,79429479,CDYL2,33607
chr16,79728222,79728815,GCSH,41038
chr16,79868792,79869297,GAN,37031
chr16,79879856,79880122,GAN,26086
chr16,79880637,79881244,GAN,25135
chr16,79992565,79992985,AC099524.5,43619
chr16,80050311,80050706,AC099524.5,14114
chr16,80053748,80054575,AC092139.5,13463
chr16,80530103,80530681,7SK,22639
chr16,80651212,80651950,HSD17B2,25218
chr16,80662561,80663077,HSD17B2,36456
chr16,80675084,80675689,AC138304.1-1,36214
chr16,80696707,80697343,AC138304.1-1,14575
chr16,80728305,80729156,AC138304.1-3,15851
chr16,80729726,80730003,AC138304.1-3,16985
chr16,80743708,80744302,MPHOSPH6,17324
chr16,82503614,82504207,MLYCD,13680
chr16,82518410,82518787,OSGIN1,21574
chr16,82534037,82534299,OSGIN1,6004
chr16,82534301,82534348,OSGIN1,5848
chr16,82534350,82534792,OSGIN1,5601
chr16,82537889,82538513,OSGIN1,1971
chr16,83051926,83052598,KIAA1609,43531
chr16,83053614,83053987,KIAA1609,41993
chr16,83315367,83316395,USP10,24832
chr16,83377743,83378235,CRISPLD2,33123
chr16,83380472,83381249,CRISPLD2,30252
chr16,83472235,83472949,AC025280.5,38991
chr16,83653586,83654534,KIAA0513,35150
chr16,83736142,83736693,FAM92B,32803
chr16,83738449,83739322,FAM92B,35271
chr16,83879247,83879971,TMEM148,5545
chr16,83880039,83880818,TMEM148,6364
chr16,83897146,83897806,AC092275.3,9291
chr16,83902838,83903516,AC092275.3,3590
chr16,83913028,83913522,AC092275.3,6508
chr16,84337420,84337856,C16orf74,4551
chr16,84344457,84345001,C16orf74,2540
chr16,84526703,84527584,IRF8,36869
chr16,86370530,86371278,KLHDC4,13849
chr16,86380507,86381085,KLHDC4,23741
chr16,86381672,86381971,KLHDC4,24766
chr16,86398017,86398799,KLHDC4,41353
chr16,86425632,86426209,SLC7A5,34694
chr16,86443088,86443581,SLC7A5,17280
chr16,86451739,86452219,SLC7A5,8635
chr16,86577566,86578138,BANP,35314
chr16,87123532,87124340,C16orf85,40112
chr16,87196067,87196849,ZC3H18,32116
chr16,87357361,87357875,AC138028.1-3,20943
chr16,87517751,87518309,AC092384.5-2,16019
chr16,87520287,87520825,AC092384.5-2,13493
chr16,87520921,87521595,AC092384.5-2,12791
chr16,87522058,87522797,AC092384.5-2,11622
chr16,87568928,87569345,CBFA2T3,1765
chr16,87597000,87597925,CBFA2T3,26561
chr16,87642478,87642966,ACSF3,45069
chr16,87747965,87748254,C16orf81,5019
chr16,88146442,88147412,RPL13,7663
chr16,88421701,88422228,SPIRE2,443
chr17,1437230,1437654,AC130343.7-1,17272
chr17,1440122,1440472,AC130343.7-1,14417
chr17,1580877,1581884,SERPINF2,11499
chr17,1586374,1587084,SERPINF2,6150
chr17,1598496,1598927,SERPINF2,5832
chr17,1626462,1626900,SERPINF1,14673
chr17,1626902,1627710,SERPINF1,15298
chr17,1643745,1644217,SERPINF1,31973
chr17,1795466,1796041,RTN4RL1,7889
chr17,1796043,1796053,RTN4RL1,8184
chr17,1796055,1796690,RTN4RL1,8508
chr17,2251391,2251798,MNT,491
chr17,2561709,2562352,KIAA0664,7437
chr17,2607320,2608124,hsa-mir-1253,9497
chr17,2665678,2666497,GARNL4,19606
chr17,3185641,3186565,OR3A4,25749
chr17,3581989,3583124,GSG2,8611
chr17,3589812,3590834,GSG2,16378
chr17,3700344,3701375,C17orf85,4594
chr17,3788917,3789664,P2RX1,22582
chr17,3826441,3826731,ATP2A3,12096
chr17,3826733,3827076,ATP2A3,12414
chr17,3838596,3839267,ATP2A3,24441
chr17,4011723,4012019,CYB5D2,18573
chr17,4037228,4037950,Y_RNA,5222
chr17,4097894,4098020,ANKFY1,16065
chr17,4098022,4098664,ANKFY1,15679
chr17,4363742,4364178,SPNS2,15079
chr17,4383534,4383701,MYBBP1A,21812
chr17,4383703,4384321,MYBBP1A,21417
chr17,4384359,4385117,MYBBP1A,20691
chr17,4425536,4426595,SMTNL2,7977
chr17,4441500,4442460,SMTNL2,7938
chr17,4443593,4443904,SMTNL2,9706
chr17,4443906,4444493,SMTNL2,10157
chr17,4528144,4528861,PELP1,25878
chr17,4530976,4531404,PELP1,23190
chr17,4845340,4845720,KIF1C,3560
chr17,5130793,5131304,RABEP1,4718
chr17,5157981,5158377,RABEP1,31849
chr17,6307606,6308341,FAM64A,19482
chr17,6394807,6395313,PITPNM3,5540
chr17,6519307,6519747,C17orf100,23833
chr17,6530150,6530964,SLC13A5,26851
chr17,6573370,6574355,SLC13A5,16454
chr17,6864047,6864662,hsa-mir-497,2290
chr17,7065443,7065868,hsa-mir-324,1766
chr17,7067439,7068084,hsa-mir-324,340
chr17,7125121,7125555,SLC2A4,439
chr17,7140358,7140775,YBX2,1967
chr17,7195842,7196408,KCTD11,194
chr17,7330334,7330950,POLR2A,2221
chr17,7700994,7701372,LSMD1,713
chr17,7795503,7796662,CNTROB,19885
chr17,7801565,7802372,CNTROB,25771
chr17,7803583,7804422,CNTROB,27805
chr17,8117828,8118418,RANGRF,14590
chr17,8168108,8168763,SNORA69,5190
chr17,8176567,8177438,SNORA69,3377
chr17,8241632,8242173,RNF222,34
chr17,8898253,8898751,AC090610.6,31320
chr17,9515208,9515775,USP43,25817
chr17,9516574,9517035,USP43,27130
chr17,9517037,9517097,USP43,27393
chr17,9517099,9517600,USP43,27675
chr17,9537756,9538578,USP43,48493
chr17,10054173,10055182,GAS7,12085
chr17,10059862,10060887,GAS7,17782
chr17,14049797,14050826,AC005224.5,13906
chr17,15503335,15503682,AC005324.1-2,16006
chr17,15503772,15504320,AC005324.1-2,15468
chr17,15652509,15653076,AC015922.7,15892
chr17,15914140,15915043,AC002553.4,13489
chr17,16516010,16516848,AC098850.1,11046
chr17,16766823,16767320,TBC1D27,11806
chr17,16782919,16783446,TBC1D27,4305
chr17,16786328,16786777,TBC1D27,7675
chr17,16862521,16863093,MPRIP,23991
chr17,16919512,16920365,MPRIP,33140
chr17,16922381,16922923,MPRIP,35854
chr17,16931353,16931978,MPRIP,44867
chr17,16978095,16978989,C17orf84,34260
chr17,16999514,17000198,C17orf84,12946
chr17,17080200,17080659,FLCN,797
chr17,17290007,17290380,AC073621.3,10272
chr17,17290382,17290440,AC073621.3,10054
chr17,17290442,17291012,AC073621.3,9738
chr17,17358191,17359206,RASD1,18267
chr17,17433604,17434112,PEMT,1860
chr17,17448965,17449695,PEMT,13612
chr17,17575034,17575763,RAI1,49887
chr17,17627165,17627744,hsa-mir-33b,30515
chr17,17655557,17656200,hsa-mir-33b,2091
chr17,17681448,17681780,SREBF1,565
chr17,17730840,17731960,AC122129.9,29093
chr17,17736795,17737211,AC122129.9,34696
chr17,17785950,17786807,TOM1L2,30136
chr17,18047191,18047819,ALKBH5,19914
chr17,18834169,18834902,FAM83G,14306
chr17,18866861,18867464,AC007952.15-1,11732
chr17,19382640,19383108,SLC47A1,5116
chr17,19398135,19398759,SLC47A1,20689
chr17,19524400,19524757,AC005722.1,18667
chr17,20135770,20136120,CCDC144C,29123
chr17,20136122,20136382,CCDC144C,28816
chr17,21301108,21301382,AC138710.5-1,47222
chr17,22592831,22593233,RPS16P8,38557
chr17,22598574,22599028,RPS16P8,32788
chr17,22672825,22673193,WSB1,27777
chr17,22683542,22684048,WSB1,38563
chr17,22828365,22828717,KSR1,20745
chr17,22872974,22873692,AC069366.8,5042
chr17,22918683,22919143,AC069366.8,40538
chr17,22931593,22932374,LGALS9,48967
chr17,22959112,22959932,LGALS9,21428
chr17,23224816,23225589,AC130289.2,18271
chr17,23539997,23540831,AC100852.2-3,9782
chr17,23846032,23846415,AC015917.30-3,17263
chr17,23849038,23849591,AC015917.30-3,20354
chr17,23850871,23851302,AC015917.30-3,22126
chr17,23851304,23851638,AC005726.1-1,22069
chr17,23876486,23877015,FOXN1,1665
chr17,23877285,23877883,FOXN1,2499
chr17,23883795,23884484,AC005726.1-4,6609
chr17,23886890,23887227,AC005726.1-4,3690
chr17,23887912,23888399,AC005726.1-4,2593
chr17,23888401,23888830,AC005726.1-4,2133
chr17,23888832,23888874,AC005726.1-4,1895
chr17,23891206,23891924,AC005726.1-4,817
chr17,23985226,23985647,KIAA0100,10863
chr17,23985649,23986348,KIAA0100,10301
chr17,24097209,24097731,TRAF4,2321
chr17,24429732,24430118,TIAF1,4583
chr17,24459104,24459704,TIAF1,34062
chr17,24459706,24459903,TIAF1,34462
chr17,24509188,24509714,MYO18A,22081
chr17,24509886,24510746,MYO18A,21216
chr17,24511745,24512048,MYO18A,19636
chr17,24945987,24946543,ANKRD13B,1654
chr17,25641170,25641972,BLMH,1632
chr17,25764495,25765554,CPD,34915
chr17,25902586,25903173,TBC1D29,7830
chr17,25903175,25903201,TBC1D29,7521
chr17,25903203,25903393,TBC1D29,7411
chr17,25903395,25903510,TBC1D29,7257
chr17,26268731,26269692,ADAP2,3668
chr17,26802482,26803022,AC003101.1-1,13934
chr17,26917601,26917930,U6atac,2740
chr17,26917932,26918528,U6atac,3205
chr17,26924862,26925481,hsa-mir-365-2,1371
chr17,28173408,28173938,Y_RNA,7786
chr17,29716470,29717075,CCL1,2408
chr17,31331217,31331837,CCL16,1117
chr17,31351924,31352623,CCL15,851
chr17,32161480,32161779,7SK,48868
chr17,32161781,32161846,7SK,49052
chr17,33916099,33916461,ARHGAP23,39603
chr17,33979954,33980638,AC115090.8,35412
chr17,34321946,34322701,LASP1,42430
chr17,34325546,34326027,LASP1,45893
chr17,34563985,34564332,PLXDC1,2861
chr17,35007925,35008515,NEUROD2,9480
chr17,35222108,35222769,AC079199.2,26864
chr17,35338233,35338938,ORMDL3,1206
chr17,35433110,35433649,CSF3,8240
chr17,35507916,35508635,NR1D1,2223
chr17,35521412,35522084,AC068669.21-2,5403
chr17,35590542,35591057,RAPGEFL1,2667
chr17,35721050,35721553,RARA,2330
chr17,35724289,35724758,RARA,5552
chr17,35731591,35731839,RARA,12744
chr17,35749166,35749542,GJD3,24238
chr17,35848727,35849324,IGFBP4,4176
chr17,35869954,35870408,IGFBP4,16980
chr17,35872329,35872854,IGFBP4,19390
chr17,35883407,35883940,TNS4,27706
chr17,35917214,35917847,TNS4,6151
chr17,35944270,35945097,CCR7,30566
chr17,35958890,35959541,CCR7,16034
chr17,35961666,35962081,CCR7,13376
chr17,35962281,35962730,CCR7,12744
chr17,35965187,35966097,CCR7,9607
chr17,35969796,35970364,CCR7,5169
chr17,35985812,35986270,CCR7,10792
chr17,35986272,35986565,CCR7,11169
chr17,35986611,35986990,CCR7,11551
chr17,35992025,35992505,CCR7,17016
chr17,36029714,36030230,AC004585.1-2,6855
chr17,36095721,36096575,AC090283.3,2989
chr17,36097288,36098069,AC090283.3,1459
chr17,36104345,36104898,AC090283.3,5484
chr17,36110512,36111323,KRT24,2610
chr17,36825029,36825407,AC003958.1,3666
chr17,36825409,36825515,AC003958.1,3910
chr17,36827189,36827981,AC003958.1,6033
chr17,36888354,36888669,KRT35,2406
chr17,36888671,36888985,KRT35,2089
chr17,36915654,36915901,KRT13,387
chr17,36915903,36915959,KRT13,541
chr17,36915961,36915986,KRT13,583
chr17,36915988,36916269,KRT13,738
chr17,36916316,36916564,KRT13,1050
chr17,36916566,36916984,KRT13,1385
chr17,36921594,36921978,KRT13,6396
chr17,36935467,36935931,KRT19,2467
chr17,36945719,36946329,KRT19,7858
chr17,37181890,37182287,JUP,14387
chr17,37202835,37203463,JUP,6674
chr17,37205632,37206299,JUP,9490
chr17,37605824,37606414,GHDC,6398
chr17,37680242,37680863,STAT5B,1397
chr17,37689343,37690204,STAT5A,3317
chr17,38033310,38034446,TUBG1,18659
chr17,38302373,38303133,AC016889.28-2,1493
chr17,38737417,38738407,TMEM106A,18493
chr17,38755810,38756042,TMEM106A,36507
chr17,38756044,38756263,TMEM106A,36734
chr17,38756265,38756495,TMEM106A,36961
chr17,38756588,38757212,TMEM106A,37481
chr17,38793944,38794234,AC087650.12-1,6886
chr17,38794236,38794402,AC087650.12-1,6656
chr17,38972338,38972898,ETV4,6669
chr17,39650943,39651492,UBTF,2558
chr17,39655406,39655796,UBTF,1826
chr17,39759838,39760374,SLC25A39,2404
chr17,39764367,39765079,SLC25A39,7021
chr17,40088426,40089043,AC091152.1,631
chr17,40344020,40344494,GFAP,4136
chr17,40414159,40414646,C1QL1,13233
chr17,40473883,40474448,DCAKD,19746
chr17,40475807,40476120,DCAKD,17948
chr17,40476122,40476802,DCAKD,17449
chr17,40557460,40558300,PLCD3,7536
chr17,40562949,40563518,PLCD3,2183
chr17,40746536,40747256,MAP3K14,3300
chr17,41334198,41334931,MAPT,6941
chr17,41336371,41336902,MAPT,9013
chr17,42954205,42954681,NPEPPS,8999
chr17,42954773,42955300,NPEPPS,8406
chr17,43106389,43106692,TBKBP1,21088
chr17,43118919,43119463,TBKBP1,8437
chr17,43119465,43119860,TBKBP1,7966
chr17,43125508,43126048,TBKBP1,1850
chr17,43129737,43130283,TBKBP1,2382
chr17,43932577,43932950,Y_RNA,21306
chr17,43938198,43938753,HOXB1,24795
chr17,44232824,44233262,TTLL6,16395
chr17,44233299,44233642,TTLL6,15968
chr17,44445241,44445721,IGF2BP1,15709
chr17,44481197,44481878,U6,12825
chr17,44538953,44539675,B4GALNT2,25839
chr17,45130120,45130630,SLC35B1,10149
chr17,45319348,45320012,TAC4,39303
chr17,45320027,45320594,TAC4,39933
chr17,45596532,45597260,SGCA,1468
chr17,45699205,45699695,TMEM92,7381
chr17,45739849,45740540,TMEM92,33363
chr17,45749250,45750274,XYLT2,28629
chr17,45900589,45901088,CHAD,387
chr17,45914609,45915209,RSAD1,3721
chr17,46084935,46085889,ABCC3,18186
chr17,46087870,46088654,ABCC3,21036
chr17,46090062,46090386,ABCC3,22998
chr17,46108556,46108943,Y_RNA,20254
chr17,46108945,46109529,Y_RNA,19766
chr17,46111228,46112073,Y_RNA,17353
chr17,46217102,46218024,C17orf73,17686
chr17,46276328,46277267,WFIKKN2,9194
chr17,46278007,46278602,WFIKKN2,10701
chr17,46336603,46336930,TOB1,40390
chr17,46336932,46337275,TOB1,40727
chr17,46529994,46530549,AC005839.1,361
chr17,46954911,46955796,RPL7P48,19742
chr17,51606314,51606794,ANKFN1,20720
chr17,52267429,52267800,DGKE,1063
chr17,52296221,52297190,U6,6824
chr17,52322977,52323741,U6,19830
chr17,52323743,52324270,U6,20477
chr17,52325794,52326791,TRIM25,20115
chr17,52517831,52518549,AKAP1,639
chr17,52529170,52529752,AKAP1,11910
chr17,52701885,52702789,AC091181.8,8336
chr17,53239326,53240252,AC015845.8-1,16039
chr17,53267346,53268452,MRPS23,14507
chr17,53289261,53289841,MRPS23,7145
chr17,53849815,53850072,RNF43,51
chr17,53850074,53850165,RNF43,227
chr17,53951109,53951392,MTMR4,1040
chr17,54072717,54073074,U3,8700
chr17,54523330,54523806,TRIM37,15442
chr17,54538090,54538556,TRIM37,687
chr17,54538558,54538798,TRIM37,332
chr17,54538800,54538872,TRIM37,174
chr17,54538874,54539210,TRIM37,32
chr17,54554326,54554905,hsa-mir-454,15399
chr17,54587427,54587547,FAM33A,94
chr17,54587549,54587621,FAM33A,4
chr17,54587623,54587689,FAM33A,75
chr17,54652177,54652773,GDPD1,140
chr17,54764280,54764882,YPEL2,747
chr17,54798814,54799468,YPEL2,35307
chr17,54924026,54925132,U4,45062
chr17,54989762,54990745,DHX40,7414
chr17,55269455,55269857,hsa-mir-21,3752
chr17,55275001,55275748,hsa-mir-21,1966
chr17,55276343,55276555,hsa-mir-21,3041
chr17,55276557,55276964,U6,2926
chr17,55397168,55397577,RNFT1,474
chr17,55450839,55451844,AC005702.1,224
chr17,56000078,56000291,PPM1D,32151
chr17,56000293,56000597,PPM1D,31890
chr17,56000800,56001155,PPM1D,31358
chr17,56101914,56102225,U6,7490
chr17,57295637,57295924,BRIP1,244
chr17,57543430,57543797,Y_RNA,10849
chr17,57544287,57544387,Y_RNA,10125
chr17,57602367,57603283,Y_RNA,48363
chr17,57929235,57930090,TLK2,19527
chr17,58190815,58191512,MARCH10,48273
chr17,58231772,58232329,MARCH10,7386
chr17,58235885,58236367,MARCH10,3310
chr17,58381274,58381847,hsa-mir-633,6253
chr17,58396302,58396459,hsa-mir-633,21073
chr17,58396461,58396547,hsa-mir-633,21197
chr17,58396549,58396603,hsa-mir-633,21269
chr17,58396605,58396804,hsa-mir-633,21397
chr17,58396806,58396848,hsa-mir-633,21520
chr17,58396850,58396972,hsa-mir-633,21604
chr17,58396974,58397228,hsa-mir-633,21794
chr17,58837742,58838236,CYB561,39464
chr17,58866753,58867226,CYB561,10464
chr17,58883958,58884804,CYB561,6928
chr17,58913370,58913856,ACE,5448
chr17,59183700,59184005,STRADA,10906
chr17,59184007,59184577,STRADA,11346
chr17,59269747,59270257,SMARCD2,3658
chr17,59505091,59505952,ERN1,24132
chr17,59562945,59563574,SNORND104,13915
chr17,59577036,59577304,SNORND104,4
chr17,59751111,59751223,AC016489.1,11386
chr17,59751225,59751461,AC016489.1,11562
chr17,59752035,59752088,AC016489.1,12280
chr17,59752090,59752207,AC016489.1,12367
chr17,59752209,59752326,AC016489.1,12486
chr17,59752328,59752692,AC016489.1,12729
chr17,59760575,59760793,AC016489.1,20903
chr17,59760860,59761178,AC016489.1,21238
chr17,59770301,59770561,PECAM1,24077
chr17,59772772,59773133,PECAM1,21556
chr17,59932994,59933135,DDX5,196
chr17,59933137,59933314,DDX5,357
chr17,60091080,60091729,SMURF2,2551
chr17,60109988,60110736,SMURF2,21509
chr17,60428271,60429028,AC037487.12-2,26494
chr17,60515694,60516303,AC015821.9,13274
chr17,60586905,60587610,RGS9,23247
chr17,60941279,60942048,AXIN2,46563
chr17,62100250,62100897,AC006947.2,35723
chr17,62103198,62103407,AC006947.2,38452
chr17,62359989,62360620,CACNG4,31170
chr17,62360622,62361225,CACNG4,30551
chr17,62371299,62371769,CACNG4,19940
chr17,62378585,62379497,CACNG4,12433
chr17,62837930,62838440,Y_RNA,2727
chr17,62894075,62894801,hsa-mir-548d-2,3724
chr17,62917607,62917872,hsa-mir-548d-2,19577
chr17,62917874,62918572,hsa-mir-548d-2,20061
chr17,63799907,63800365,SLC16A6,1135
chr17,63827020,63827322,ARSG,12400
chr17,63827324,63827449,ARSG,12615
chr17,63836377,63836607,ARSG,21721
chr17,63836609,63836730,ARSG,21898
chr17,63836732,63836779,ARSG,21984
chr17,63836781,63836828,ARSG,22033
chr17,63836830,63837047,ARSG,22167
chr17,63897825,63898674,hsa-mir-635,34034
chr17,63943744,63944783,hsa-mir-635,11980
chr17,67596831,67597277,SOX9,31701
chr17,67634356,67634702,SOX9,5774
chr17,68148251,68148721,7SK,23399
chr17,68191795,68192212,7SK,20118
chr17,68235262,68235858,AC080037.11-2,13356
chr17,68672216,68672901,SSTR2,196
chr17,69015343,69015899,SDK2,290
chr17,69057736,69058252,SDK2,42663
chr17,69288213,69289077,C17orf54,47608
chr17,69323262,69323993,C17orf54,12626
chr17,70082437,70083289,AC079325.6,7787
chr17,70246156,70246721,SLC9A3R1,9924
chr17,70252546,70252709,SLC9A3R1,3735
chr17,70252711,70252745,SLC9A3R1,3634
chr17,70252747,70253158,SLC9A3R1,3410
chr17,70265960,70266534,SLC9A3R1,9885
chr17,70267740,70268053,SLC9A3R1,11534
chr17,70268055,70268232,SLC9A3R1,11781
chr17,70278033,70278322,NAT9,5887
chr17,70278372,70278810,NAT9,5473
chr17,70278812,70278896,NAT9,5210
chr17,70278898,70279205,NAT9,5013
chr17,70279207,70279437,NAT9,4742
chr17,70306965,70307399,TMEM104,22926
chr17,70376114,70376803,FDXR,4292
chr17,70431286,70431693,OTOP2,475
chr17,70472510,70473079,C17orf28,7629
chr17,70488945,70489290,CDR2L,6204
chr17,70490399,70491084,CDR2L,4580
chr17,70591758,70592481,SLC16A5,3530
chr17,70797286,70797686,SLC25A19,378
chr17,70920006,70920984,AC011933.17-1,3632
chr17,70967603,70968042,KIAA0195,3506
chr17,71081505,71082127,AC087749.12-1,15331
chr17,71153256,71153637,AC087749.12-2,7338
chr17,71245903,71246389,ITGB4,17036
chr17,71273010,71273644,GALK1,453
chr17,71501247,71501723,ACOX1,14447
chr17,71505835,71506812,ACOX1,19285
chr17,72039967,72040445,CYGB,5354
chr17,72109333,72109944,ST6GALNAC2,16115
chr17,72262747,72263598,U6,2584
chr17,72596808,72597290,SCARNA16,66
chr17,72793901,72794201,SEPT9,33145
chr17,72794203,72794333,SEPT9,32928
chr17,72794335,72794674,SEPT9,32692
chr17,72794676,72794708,SEPT9,32504
chr17,72794710,72795117,SEPT9,32283
chr17,72795428,72795668,SEPT9,31648
chr17,72795670,72796122,SEPT9,31300
chr17,72796426,72797328,SEPT9,30319
chr17,72819375,72820009,SEPT9,7504
chr17,72836571,72837447,SEPT9,9813
chr17,72985162,72985719,AC111170.11-2,28952
chr17,73392705,73393524,AC015804.14,1351
chr17,73797501,73798097,AC087645.19-2,11632
chr17,73904425,73904892,SNORA30,2952
chr17,73919254,73919892,SNORA30,11963
chr17,73922481,73922791,SNORA30,15026
chr17,73922793,73922882,SNORA30,15227
chr17,73923310,73923782,SNORA30,15936
chr17,73928750,73929251,SNORA30,21390
chr17,73929253,73929709,SNORA30,21871
chr17,74078840,74079501,DNAH17,5900
chr17,74290216,74290933,CYTH1,601
chr17,74513588,74514351,CANT1,3485
chr17,74525236,74525687,C1QTNF1,6384
chr17,74527837,74528332,C1QTNF1,3761
chr17,75401218,75401956,CBX8,16103
chr17,75481265,75481988,AC100791.15,43960
chr17,75486000,75486473,AC100791.15,39350
chr17,75491656,75492330,AC100791.15,33593
chr17,75530865,75531447,AC100791.15,5570
chr17,75545382,75546565,AC100791.15,20387
chr17,75567803,75568301,AC100791.15,42466
chr17,75635442,75636108,CCDC40,10746
chr17,75674415,75674739,GAA,15372
chr17,75691345,75691849,GAA,1648
chr17,75983057,75983541,AC120024.22-2,20262
chr17,76823124,76823484,C17orf56,4145
chr17,76897719,76898277,C17orf55,356
chr17,77009120,77009653,AC110285.14,4333
chr17,77026136,77026905,AC110285.14,21467
chr17,77062289,77062661,ACTG1,31946
chr17,77120451,77120905,C17orf70,9169
chr17,77564809,77565561,STRA13,8897
chr17,77599702,77600146,RFNG,3014
chr17,77654946,77656052,FASN,6105
chr17,77665243,77665297,FASN,15876
chr17,77665299,77665767,FASN,16139
chr17,77786065,77786667,SLC16A3,6785
chr17,78069932,78070515,FOXK2,659
chr17,78073228,78073848,FOXK2,2656
chr17,78162403,78163215,AC124283.11,7794
chr17,78164803,78165547,AC124283.11,10160
chr17,78165549,78165934,AC124283.11,10726
chr17,78170181,78170966,AC124283.11,15558
chr17,78172193,78173119,AC124283.11,17641
chr17,78200468,78201100,WDR45L,1273
chr17,78436809,78437893,ZNF750,46132
chr17,78440095,78440701,ZNF750,49179
chr17,78440703,78441052,ZNF750,49658
chr17,78441054,78441166,ZNF750,49891
chr17,78583024,78583435,B3GNTL1,19745
chr17,78583678,78584022,B3GNTL1,19124
chr17,78615883,78616309,B3GNTL1,13122
chr17,78618533,78619654,METRNL,11762
chr17,78623121,78623808,METRNL,7391
chr17,78627330,78627905,METRNL,3238
chr18,96452,96594,AP001005.6-2,2541
chr18,96920,97271,AP001005.6-2,1969
chr18,97273,97562,AP001005.6-2,1647
chr18,99804,99948,AP001005.6-2,812
chr18,99950,100090,AP001005.6-2,956
chr18,101508,102063,AP001005.6-2,2721
chr18,489230,490012,COLEC12,1067
chr18,829409,830072,YES1,27414
chr18,2884369,2884698,EMILIN2,47506
chr18,2884726,2885133,EMILIN2,47902
chr18,3044211,3044825,LPIN2,42574
chr18,3220968,3221415,MYOM1,11086
chr18,3226395,3227324,MYL12A,10668
chr18,3236162,3236567,MYL12A,1163
chr18,3237228,3237289,MYL12A,269
chr18,3237291,3237500,MYL12A,132
chr18,3237768,3238053,MYL12A,383
chr18,3374832,3375355,TGIF,26978
chr18,3437851,3438193,AP001025.6,32901
chr18,9495838,9496531,AP005432.2,12026
chr18,9603691,9604043,PPP4R1,738
chr18,9747473,9747951,RAB31,17161
chr18,9747953,9748032,RAB31,16881
chr18,9748034,9748444,RAB31,16634
chr18,9753783,9754407,RAB31,10778
chr18,9775327,9775898,RAB31,10739
chr18,9793811,9794646,SRP_euk_arch,26395
chr18,9798599,9799013,SRP_euk_arch,21817
chr18,10883031,10883645,C18orf58,21926
chr18,11973449,11974151,IMPA2,2346
chr18,12731375,12732063,Y_RNA,18996
chr18,12845949,12846364,PTPN2,28177
chr18,12937961,12938733,SEH1L,365
chr18,13243709,13244076,C18orf1,35098
chr18,17238180,17238894,SNORD23,46177
chr18,17947299,17948163,U6atac,16956
chr18,18088239,18088832,AC027449.6,6003
chr18,18088834,18089275,AC027449.6,5484
chr18,18870636,18871569,AC106033.4-2,12545
chr18,19235584,19235971,C18orf45,36145
chr18,19419525,19420026,NPC1,692
chr18,19437783,19438622,AC010853.11-1,7469
chr18,19461274,19461913,AC010853.11-1,15922
chr18,19463133,19464166,AC010853.11-1,17978
chr18,19527578,19528333,LAMA3,4396
chr18,19556685,19557393,AC067796.11,12791
chr18,19885013,19885654,AC010754.10,36952
chr18,19885656,19885718,AC010754.10,37306
chr18,19885720,19885844,AC010754.10,37401
chr18,19988516,19989126,5S_rRNA,15763
chr18,22409414,22409953,AC090206.7,23684
chr18,28603738,28604491,KLHL14,2857
chr18,31708043,31708997,hsa-mir-187,30366
chr18,31933047,31933887,SLC39A6,29887
chr18,40563651,40564507,SETBP1,49219
chr18,41399171,41400133,SLC14A2,49127
chr18,41461135,41461550,SLC14A2,12563
chr18,41462631,41463736,SLC14A2,14404
chr18,41627271,41627622,SIGLEC15,32096
chr18,41627624,41628029,SIGLEC15,31716
chr18,41636601,41637158,SIGLEC15,22663
chr18,41692829,41693215,SIGLEC15,33480
chr18,41888945,41889601,PSTPIP2,16950
chr18,41937026,41937498,ATP5A1,934
chr18,41947669,41948379,U6,7660
chr18,42388908,42389599,LOXHD1,46370
chr18,42455628,42456119,LOXHD1,20250
chr18,43808858,43809659,ZBTB7C,12233
chr18,43904141,43905077,U6,45649
chr18,43907093,43907572,U6,42926
chr18,44233894,44234320,5S_rRNA,21861
chr18,44234487,44234956,5S_rRNA,21247
chr18,44322949,44323485,KIAA0427,3793
chr18,44328574,44329156,KIAA0427,9441
chr18,44754697,44755553,SMAD7,24047
chr18,44763213,44764045,SMAD7,32551
chr18,44764298,44764929,SMAD7,33535
chr18,44771074,44771149,SMAD7,40033
chr18,44771986,44772010,SMAD7,40920
chr18,44772012,44772190,SMAD7,41023
chr18,44772192,44772254,SMAD7,41145
chr18,44772256,44772874,SMAD7,41487
chr18,44777303,44777809,SMAD7,46478
chr18,45249399,45249944,DYM,8595
chr18,45975618,45975974,MYO5B,415
chr18,46154936,46155494,C18orf24,174
chr18,46568574,46568924,MRO,37002
chr18,52956942,52957312,AC100775.3,8243
chr18,52959746,52960435,AC100775.3,5280
chr18,53060595,53061286,U6,41996
chr18,53068484,53069003,U6,34193
chr18,53255423,53256144,ONECUT2,1869
chr18,53399388,53400226,FECH,5180
chr18,53546242,53547014,ATP8B1,3408
chr18,53611898,53612549,U6,38600
chr18,53612551,53613089,U6,39197
chr18,53617279,53617747,AC022724.8-1,39192
chr18,54223733,54224445,hsa-mir-122,45196
chr18,55014518,55015136,GRP,23552
chr18,55801798,55802556,AC090377.15-2,11052
chr18,55871948,55872904,AC090377.15-5,35590
chr18,57740757,57741638,RNF152,29226
chr18,58175693,58176512,Y_RNA,27078
chr18,58254715,58255226,AC100843.2-1,7513
chr18,58344419,58344840,ZCCHC2,2155
chr18,59136367,59136898,BCL2,1708
chr18,59185793,59186401,FVT1,612
chr18,70060841,70061418,SRP_euk_arch,15409
chr18,70365028,70365749,CNDP1,12717
chr18,72698509,72698578,ZNF236,33440
chr18,72698580,72699108,ZNF236,33741
chr18,74923568,74924350,ATP9B,6425
chr18,74924358,74924779,ATP9B,5816
chr19,363737,364479,FAM148C,3964
chr19,405667,406593,AC006124.2,1997
chr19,521835,522343,BSG,235
chr19,678077,678985,PALM,18584
chr19,1121242,1121858,SBNO2,3708
chr19,1132150,1133370,SBNO2,7502
chr19,1134912,1135063,SBNO2,9729
chr19,1135065,1135429,SBNO2,9989
chr19,1135812,1136360,SBNO2,10828
chr19,1136593,1137170,SBNO2,11623
chr19,1158978,1159757,STK11,2570
chr19,1204301,1205075,MIDN,5137
chr19,1205465,1206043,MIDN,6203
chr19,1344972,1345604,AC005329.1,4756
chr19,1463928,1464885,ADAMTSL5,388
chr19,1733455,1734093,ONECUT3,29113
chr19,1821986,1822792,KLF16,7826
chr19,1858754,1859276,ADAT3,2599
chr19,2105294,2106007,AP3D1,3095
chr19,2119712,2120228,DOT1L,4823
chr19,2440286,2440734,GADD45B,13376
chr19,2467648,2468529,AC005512.1-3,7852
chr19,2471123,2471601,AC005512.1-3,4578
chr19,2475826,2476457,AC005512.1-3,201
chr19,2479821,2480521,AC005512.1-3,4231
chr19,2480523,2481044,AC005512.1-3,4843
chr19,2486315,2487363,AC104537.2,2268
chr19,2527171,2527852,GNG7,21326
chr19,2529793,2531058,GNG7,24240
chr19,2539278,2539900,GNG7,33404
chr19,2615394,2616070,AC005512.1-2,38013
chr19,2621039,2621926,AC005512.1-2,32263
chr19,2905133,2905891,ZNF77,9582
chr19,3335971,3336345,NFIC,25543
chr19,3557346,3557796,TBXA2R,86
chr19,3610549,3611029,C19orf29,32977
chr19,3664019,3664336,TJP3,8557
chr19,3664338,3664371,TJP3,8380
chr19,3664373,3664944,TJP3,8076
chr19,3682237,3683138,TJP3,9953
chr19,3687190,3687971,TJP3,14846
chr19,3687973,3688722,TJP3,15613
chr19,3688730,3689082,TJP3,16172
chr19,3689084,3689762,TJP3,16689
chr19,3993789,3994535,AC016586.9,667
chr19,4012876,4013322,ZBTB7A,4716
chr19,4197783,4198098,CCDC94,146
chr19,4198100,4198296,CCDC94,112
chr19,4302208,4303046,MPND,8072
chr19,4487664,4488427,AC011498.7-3,1838
chr19,4491009,4491458,LRG1,142
chr19,4666783,4666959,DPP9,8003
chr19,4666961,4667225,DPP9,7781
chr19,4865816,4866521,UHRF1,5659
chr19,4921704,4922304,JMJD2B,1873
chr19,4922729,4923231,JMJD2B,2849
chr19,4927183,4927886,JMJD2B,7403
chr19,4942597,4943026,JMJD2B,22680
chr19,4943056,4943598,JMJD2B,23196
chr19,5265073,5265583,PTPRS,26485
chr19,5523434,5524070,AC011533.6,4196
chr19,5823298,5823864,FUT3,21097
chr19,6632625,6633417,TNFSF14,11423
chr19,7205607,7206076,INSR,39169
chr19,7218995,7219586,INSR,25720
chr19,7369456,7370069,ARHGEF18,17897
chr19,7374975,7375545,ARHGEF18,23395
chr19,7385497,7386251,ARHGEF18,34009
chr19,7392575,7393407,ARHGEF18,41126
chr19,7500513,7501056,PNPLA6,4258
chr19,7590608,7590873,XAB2,9698
chr19,7590875,7590893,XAB2,9554
chr19,7590895,7591458,XAB2,9262
chr19,7606679,7607036,STXBP2,1152
chr19,7719454,7720463,CD209,1539
chr19,7750528,7751103,CLEC4GP1,8931
chr19,7875033,7875562,MAP2K7,533
chr19,7892645,7893228,SNAPC2,1708
chr19,8294642,8295230,NDUFA7,2657
chr19,9817843,9818355,PIN1,11101
chr19,9818357,9818869,PIN1,11615
chr19,9818871,9819138,PIN1,12006
chr19,10156380,10156587,DNMT1,10327
chr19,10156589,10156682,DNMT1,10175
chr19,10203180,10203557,S1PR2,421
chr19,10267388,10267733,ICAM5,5906
chr19,10267735,10268010,ICAM5,6218
chr19,10306100,10306168,RAVER1,821
chr19,10306170,10306436,RAVER1,990
chr19,10325726,10326520,ICAM3,14780
chr19,10457338,10457981,KEAP1,17394
chr19,10458331,10458893,KEAP1,16441
chr19,10473366,10474047,KEAP1,1347
chr19,10474366,10474918,KEAP1,411
chr19,10620113,10620876,AC011475.6,3609
chr19,10702503,10703268,hsa-mir-638,12806
chr19,10835106,10835516,CARM1,7941
chr19,10996017,10996504,SRP_euk_arch,12877
chr19,11085760,11086283,LDLR,24890
chr19,11315864,11316450,AC024575.6-1,199
chr19,11372513,11372864,Y_RNA,7759
chr19,11391985,11392534,RGL3,1254
chr19,11448557,11449210,ELAVL3,3919
chr19,11500640,11501292,ECSIT,15
chr19,11707263,11707830,ZNF823,3213
chr19,11709607,11710223,ZNF823,844
chr19,12265464,12266131,ZNF44,839
chr19,12520838,12521485,ZNF564,2165
chr19,12836561,12836995,DNASE2,16556
chr19,12880258,12880537,SYCE2,10673
chr19,12880539,12880841,SYCE2,10380
chr19,13807348,13808114,hsa-mir-24-2,441
chr19,13815486,13816007,AC020916.8-1,3826
chr19,14090744,14091237,PRKACA,1432
chr19,14091239,14091932,PRKACA,2027
chr19,14099697,14100351,ASF1B,8415
chr19,14528363,14529228,NDUFB7,15090
chr19,14608281,14608985,AC135052.2,22750
chr19,14815962,14816683,OR7A10,2634
chr19,15451201,15451921,PGLYRP2,101
chr19,15451923,15452508,PGLYRP2,553
chr19,15457547,15458292,PGLYRP2,6257
chr19,15459980,15461016,PGLYRP2,8836
chr19,15534741,15535143,CYP4F22,37799
chr19,15535145,15535200,CYP4F22,38029
chr19,15535202,15535265,CYP4F22,38090
chr19,15565384,15565997,CYP4F8,21338
chr19,15612046,15612298,CYP4F3,534
chr19,15612300,15612504,CYP4F3,304
chr19,15800343,15801044,AC004510.1,63
chr19,15801838,15802820,AC004510.1,1573
chr19,15873880,15874894,CYP4F2,4503
chr19,15906778,15907569,CYP4F11,498
chr19,15947388,15948124,HSH2D,9291
chr19,15949653,15950317,HSH2D,11520
chr19,15975378,15976040,AC004790.1,11734
chr19,16005785,16006466,AC114273.2,562
chr19,16053882,16054327,TPM4,14757
chr19,16065157,16066155,RAB8A,17833
chr19,16115026,16115799,CIB3,29923
chr19,16182087,16182739,AP1M1,12683
chr19,16397734,16398539,AC020917.4-1,27367
chr19,16528176,16528813,CHERP,14232
chr19,16541543,16541967,SLC35E1,2437
chr19,16541969,16542167,SLC35E1,2124
chr19,16553915,16554343,SLC35E1,9937
chr19,16600976,16601535,MED26,1241
chr19,16792821,16793336,SIN3B,8139
chr19,16793338,16793838,SIN3B,7629
chr19,16794902,16795464,SIN3B,6034
chr19,16796422,16796970,SIN3B,4521
chr19,17211719,17212337,NR2F6,5122
chr19,17220180,17220832,NR2F6,3356
chr19,17267988,17268729,ABHD8,6923
chr19,17312633,17313291,GTPBP3,3584
chr19,17459294,17459999,SLC27A1,17347
chr19,17763061,17763607,B3GNT3,3584
chr19,18001471,18002389,ARRDC2,28987
chr19,18076355,18077073,MAST3,7112
chr19,18102123,18102802,PIK3R2,22553
chr19,18194044,18194831,RAB3A,18599
chr19,18253507,18253936,JUND,428
chr19,18265195,18265581,JUND,12095
chr19,18351790,18352536,GDF15,5804
chr19,18418374,18419541,ISYNA1,9015
chr19,18420073,18420778,ISYNA1,10483
chr19,18456389,18457173,ELL,37136
chr19,18458112,18458681,ELL,35521
chr19,18460043,18460342,ELL,33725
chr19,18667627,18668281,CRTC1,12530
chr19,18741883,18742359,COMP,20992
chr19,18804018,18805290,UPF1,911
chr19,18822759,18823042,UPF1,19157
chr19,18858514,18859366,AC005197.1-1,4790
chr19,18971114,18972070,SFRS14,33775
chr19,19023510,19024206,SLC25A42,11949
chr19,19030701,19031884,SLC25A42,4515
chr19,19032476,19033246,SLC25A42,2946
chr19,19034806,19035748,SLC25A42,530
chr19,19349753,19350305,GATAD2A,49306
chr19,19518424,19518793,CILP2,8535
chr19,19518795,19519186,CILP2,8917
chr19,19521611,19522202,CILP2,11833
chr19,19567232,19567714,PBX4,23251
chr19,19600683,19601255,LPAR2,952
chr19,19606671,19607137,LPAR2,6887
chr19,19712432,19713150,ZNF14,7871
chr19,21470825,21471582,ZNF429,9073
chr19,21852184,21852779,ZNF43,25812
chr19,21866464,21867072,ZNF43,40099
chr19,23071622,23072084,ZNF730,19763
chr19,23283128,23283198,AC092329.3-1,45888
chr19,23283200,23283684,AC092329.3-1,46167
chr19,23374871,23375920,ZNF91,5287
chr19,23376978,23377389,ZNF91,7075
chr19,23379349,23380174,ZNF91,9653
chr19,23432977,23433289,ZNF725,47516
chr19,23498974,23499635,ZNF725,18655
chr19,23518198,23518835,ZNF725,37867
chr19,23518985,23519168,ZNF725,38427
chr19,23519170,23519230,ZNF725,38551
chr19,23519232,23519826,ZNF725,38880
chr19,23792061,23792957,RPSAP8,9216
chr19,23797197,23798030,RPSAP8,4112
chr19,23798632,23799222,RPSAP8,2798
chr19,24028323,24029270,ZNF254,33019
chr19,34664989,34665669,VSTM2B,44001
chr19,34666416,34667093,VSTM2B,42576
chr19,34853986,34854669,PLEKHF1,6525
chr19,35111512,35112109,C19orf2,5420
chr19,36483776,36484623,TSHZ3,48071
chr19,37001389,37002405,U6,31900
chr19,37382976,37383574,5S_rRNA,43553
chr19,38711465,38711807,PEPD,6996
chr19,38724625,38725064,PEPD,20204
chr19,38862224,38862622,CHST8,4850
chr19,38898241,38898989,CHST8,31342
chr19,38908477,38908810,CHST8,41370
chr19,38990293,38991080,KCTD15,11080
chr19,39061337,39062071,AC008556.5-1,48665
chr19,39062324,39063041,AC008556.5-1,47687
chr19,39063043,39063748,AC008556.5-1,46974
chr19,39268007,39268820,AC016587.9,7641
chr19,39827501,39828143,ZNF302,37690
chr19,39828145,39828399,ZNF302,37240
chr19,39847852,39848750,ZNF302,17211
chr19,39859975,39860391,ZNF302,5329
chr19,40183022,40183638,GRAMD1A,245
chr19,40189253,40189748,GRAMD1A,6415
chr19,40223660,40223939,HPN,550
chr19,40223941,40224294,HPN,868
chr19,40397596,40398260,FAM187B,13543
chr19,40454217,40454654,USF2,2700
chr19,40492192,40492898,MAG,17678
chr19,40492900,40493367,MAG,18266
chr19,40493369,40493572,CD22,18448
chr19,40496392,40497224,CD22,15110
chr19,40498680,40499119,CD22,13019
chr19,40501674,40502349,CD22,9907
chr19,40516827,40517274,CD22,5132
chr19,40518573,40519670,CD22,7203
chr19,40681058,40681663,KRTDAP,8165
chr19,40735891,40736314,TMEM147,7731
chr19,40736740,40737368,TMEM147,8683
chr19,40752018,40752779,AD000090.1,5947
chr19,41028197,41028730,NPHS1,6115
chr19,41132969,41133443,LRFN3,13617
chr19,41429228,41430187,ZNF146,31833
chr19,41755824,41756419,ZNF529,92
chr19,43052058,43052708,WDR87,36773
chr19,43240256,43240869,AC011465.4,4118
chr19,43240871,43240928,AC011465.4,4455
chr19,43378670,43379485,AC011479.7-1,3636
chr19,43481260,43481647,Y_RNA,4430
chr19,43481649,43482275,C19orf33,4681
chr19,43483423,43483822,C19orf33,3021
chr19,43503987,43504852,KCNK6,2098
chr19,43863950,43864371,ACTN4,33994
chr19,43866076,43866586,ACTN4,36165
chr19,43866651,43867034,ACTN4,36676
chr19,43890275,43890677,CAPN12,36477
chr19,43896869,43897475,CAPN12,29781
chr19,43914229,43915102,CAPN12,12288
chr19,43918590,43919553,CAPN12,7882
chr19,44253473,44254163,AC011443.6,12966
chr19,44293890,44294603,PAK4,14013
chr19,44294896,44295393,PAK4,13115
chr19,44312854,44313315,PAK4,4825
chr19,44316626,44317497,PAK4,8802
chr19,44333206,44333923,PAK4,25305
chr19,44349869,44350206,NCCRP1,29403
chr19,44370135,44370335,NCCRP1,9205
chr19,44370337,44370536,NCCRP1,9004
chr19,44550427,44551132,AC005239.1-1,850
chr19,44553187,44553939,SRP_euk_arch,1931
chr19,44591852,44592400,ZFP36,2834
chr19,45424445,45425011,CNTD2,325
chr19,45447507,45448181,CNTD2,23441
chr19,45519520,45520032,Y_RNA,17134
chr19,45521529,45521946,Y_RNA,15173
chr19,45663777,45664478,BLVRB,611
chr19,45677730,45678465,SPTBN4,13132
chr19,45681922,45682691,SPTBN4,17341
chr19,46095569,46096545,AC008537.5-1,7487
chr19,46119333,46119888,CYP2B7P1,2399
chr19,46249605,46250524,CYP2G1P,7015
chr19,47132534,47133187,RABAC1,22459
chr19,47608088,47608472,LIPE,15137
chr19,48460700,48461322,PSG9,4510
chr19,48461763,48462402,PSG9,3439
chr19,48791095,48791848,IRGQ,44
chr19,48981027,48981596,KCNN4,4063
chr19,49770109,49770467,AC138472.4,4639
chr19,49770469,49771061,AC138472.4,5116
chr19,49890845,49891511,CEACAM16,3153
chr19,49913181,49914185,CEACAM16,19352
chr19,49932714,49933257,BCL3,10658
chr19,49936947,49937719,BCL3,6310
chr19,50066953,50067689,TOMM40,19012
chr19,50517389,50517858,CKM,350
chr19,50598627,50599593,PPP1R13L,1025
chr19,50718976,50719467,VASP,16694
chr19,50912546,50913043,FBXO46,5862
chr19,50976722,50977353,DMPK,617
chr19,51073110,51073622,IRF2BP1,7505
chr19,51388027,51388716,IGFL1,36477
chr19,51686857,51687548,PNMAL2,2478
chr19,51966089,51966417,SLC1A5,17437
chr19,51979831,51980653,SLC1A5,3448
chr19,52098431,52099095,GRLF1,15009
chr19,52232397,52232819,TMEM160,11113
chr19,52253663,52254545,TMEM160,10383
chr19,52276187,52276889,ZC3H4,32310
chr19,52290869,52291996,ZC3H4,17416
chr19,52531872,52532363,GPR77,3762
chr19,52573000,52573524,DHX34,28877
chr19,52805806,52806584,SRP_euk_arch,30104
chr19,52843055,52844071,GLTSCR1,30467
chr19,53257545,53258398,AC010458.6,11394
chr19,53505362,53505966,CCDC114,11332
chr19,53558782,53559356,TMEM143,61
chr19,53640724,53641234,GRWD1,106
chr19,53748625,53749392,SULT2B1,1768
chr19,53749789,53750351,SULT2B1,2830
chr19,53764403,53765055,hsa-mir-220c,9307
chr19,53808256,53809496,FAM83E,371
chr19,53903847,53904463,AC008888.7-1,9944
chr19,54765272,54765734,Y_RNA,3763
chr19,54765736,54766241,Y_RNA,4248
chr19,54835758,54835896,RRAS,616
chr19,54835898,54835948,RRAS,712
chr19,54835950,54836252,RRAS,890
chr19,55601340,55602022,SPIB,12328
chr19,55873312,55874059,SYT3,10220
chr19,55874061,55875097,SYT3,11114
chr19,55916253,55917202,CLEC11A,1689
chr19,56239177,56239932,KLK12,9595
chr19,56288043,56288630,KLK14,9023
chr19,56346551,56346935,SIGLEC7,9374
chr19,56746017,56746657,SIGLEC6,19416
chr19,56851709,56852579,SIGLEC14,10261
chr19,56999626,57000578,FPR3,9875
chr19,57002492,57003056,FPR3,12547
chr19,58807654,58808249,AC011487.5-3,9387
chr19,59291960,59292740,OSCAR,5461
chr19,59352508,59353167,LENG1,2420
chr19,59450922,59451481,LILRB5,1777
chr19,59692308,59692673,LAIR2,13334
chr19,59692675,59692864,LAIR2,13055
chr19,59717985,59718680,AC008746.9,6385
chr19,60410487,60411062,PTPRH,1879
chr19,62537371,62538187,ZNF543,14091
chr19,63001660,63002363,ZNF552,16081
chr19,63002365,63003001,ZNF552,15409
chr19,63017196,63017704,ZNF552,642
chr19,63054987,63055502,ZNF587,2164
chr19,63089110,63090001,AC010326.7-2,2626
chr19,63137681,63138176,ZNF418,623
chr19,63581363,63582112,ZNF837,8687
chr19,63721302,63721781,ZBTB45,1191
chr19,63789637,63790305,AC016629.7-2,11331
chr2,250866,251299,SH3YL1,3727
chr2,295964,296368,FAM150B,17871
chr2,618861,619547,TMEM18,48234
chr2,888249,888940,SNTG2,47957
chr2,891142,891568,SNTG2,45196
chr2,1757940,1758703,PXDN,31024
chr2,3698613,3699532,AC010907.6,15373
chr2,6975397,6975887,RNF144A,669
chr2,7191694,7192268,7SK,7143
chr2,7806537,7806809,AC092580.1,11997
chr2,7806811,7807278,AC092580.1,12368
chr2,9225561,9226232,ASAP2,38448
chr2,9863450,9864381,TAF1B,26971
chr2,9865456,9865816,TAF1B,25250
chr2,9865818,9865946,TAF1B,25004
chr2,9866473,9867167,TAF1B,24066
chr2,9870138,9870574,TAF1B,20530
chr2,10009278,10009732,GRHL1,8249
chr2,10078930,10079867,AC010969.11,15790
chr2,10248357,10249281,SNORA2,36036
chr2,10353572,10354065,SNORA51,62
chr2,10544766,10545204,AC007249.3,33540
chr2,10548234,10548866,AC007249.3,37105
chr2,10815079,10815677,ATP6V1C2,36153
chr2,11179945,11180480,AC062028.6,9540
chr2,11551956,11552614,5S_rRNA,22688
chr2,11560994,11561636,5S_rRNA,13658
chr2,11569940,11570793,5S_rRNA,4607
chr2,11573101,11573910,5S_rRNA,1468
chr2,11581838,11582564,5S_rRNA,7228
chr2,11589542,11590833,AC110754.4,1505
chr2,11608583,11609227,AC011994.10-1,372
chr2,11675376,11676115,AC011994.10-2,33396
chr2,11760065,11760833,LPIN1,21479
chr2,11800349,11800806,LPIN1,18649
chr2,13170621,13171260,AC093912.2,33680
chr2,14327453,14328201,AC017088.8,4472
chr2,15990292,15991119,MYCN,7428
chr2,16550970,16551626,AC104623.4-1,36638
chr2,16675384,16676254,FAM49A,34760
chr2,16676256,16676871,FAM49A,34016
chr2,20019036,20019798,WDR35,33955
chr2,20163562,20164272,LAPTM4A,48992
chr2,20177189,20177732,AC098828.3,41844
chr2,20196549,20197132,AC098828.3,22464
chr2,20247814,20248299,U6,9010
chr2,20275917,20276390,SDC1,12521
chr2,20414706,20415303,PUM2,1061
chr2,20438181,20438947,PUM2,24621
chr2,20441999,20442481,5S_rRNA,22719
chr2,20444561,20445057,5S_rRNA,20150
chr2,20532426,20532702,Y_RNA,11521
chr2,20537178,20538058,Y_RNA,6467
chr2,20538084,20538757,Y_RNA,5665
chr2,20646779,20647429,AC012065.5,22790
chr2,20681137,20681853,AC012065.5,11601
chr2,24160561,24161096,TP53I3,403
chr2,24567065,24568165,NCOA1,689
chr2,24948499,24948954,ADCY3,46832
chr2,25155457,25155746,AC013267.4,2460
chr2,25521689,25522254,AC104699.2,30453
chr2,26088490,26088989,AC013449.1,17573
chr2,26089007,26089655,AC013449.1,18165
chr2,26274224,26274933,FAM59B,25115
chr2,26444440,26445015,GPR113,21539
chr2,26755298,26756022,AC015977.5,779
chr2,26758635,26759267,AC015977.5,4070
chr2,26798155,26798929,KCNK3,29420
chr2,26834360,26834791,C2orf18,6070
chr2,26834968,26835392,C2orf18,5465
chr2,26848843,26849243,C2orf18,8398
chr2,26849245,26849268,C2orf18,8611
chr2,26849270,26849308,C2orf18,8644
chr2,26849310,26849960,C2orf18,8990
chr2,27173067,27173349,KHK,10094
chr2,27319578,27320052,SLC30A3,19815
chr2,27782752,27783534,AC074091.13,8959
chr2,28423330,28423926,FOSL2,45544
chr2,28432032,28432370,FOSL2,36971
chr2,28437381,28437875,FOSL2,31544
chr2,28453493,28454040,FOSL2,15406
chr2,28454101,28454171,FOSL2,15036
chr2,28454173,28454224,FOSL2,14974
chr2,33024645,33025360,LTBP1,540
chr2,33147715,33148390,AL133244.1,6369
chr2,33148428,33148770,AL133244.1,6916
chr2,33148772,33149271,AL133244.1,7338
chr2,33151288,33152099,AL133244.1,10010
chr2,33164817,33165475,AL133244.1,23463
chr2,33448225,33449049,AC019127.10-1,37169
chr2,38156585,38157343,CYP1B1,169
chr2,38157345,38157571,CYP1B1,663
chr2,38157611,38158001,CYP1B1,1011
chr2,38176878,38177406,CYP1B1,20347
chr2,38331999,38332697,RPL7P12,20135
chr2,38345683,38346054,AC016995.7,20187
chr2,38976721,38977375,AC019171.3,6524
chr2,38986465,38987084,AC019171.3,16250
chr2,39257436,39258026,Y_RNA,48160
chr2,39260729,39261592,CDKL4,49016
chr2,39262051,39262395,CDKL4,47953
chr2,39264073,39264835,CDKL4,45722
chr2,39488902,39489339,MAP4K3,28676
chr2,41222924,41223559,AC009223.1,14000
chr2,41854952,41855253,LDHAL3,45264
chr2,41973363,41973743,AC104654.3,869
chr2,42088771,42089372,SGK493,39592
chr2,42116592,42117152,SGK493,11791
chr2,42423112,42423672,COX7A2L,26261
chr2,42446708,42447410,COX7A2L,2594
chr2,42583815,42584445,MTA3,8918
chr2,42641634,42642245,AC025750.7,28530
chr2,42752296,42752796,AC074375.1,8185
chr2,42752798,42753276,AC074375.1,7694
chr2,42854712,42855354,OXER1,10129
chr2,42865219,42866232,HAAO,7519
chr2,42868103,42868202,HAAO,5092
chr2,42868204,42868591,HAAO,4847
chr2,42869330,42870276,HAAO,3441
chr2,42875252,42875896,HAAO,2330
chr2,42889603,42890261,AC098824.5,10577
chr2,43147314,43147921,U6,24518
chr2,43330070,43330695,AC010883.8,22399
chr2,43354054,43354876,AC010883.8,46482
chr2,43357119,43357707,AC010883.8,49430
chr2,43822007,43822704,DYNC2LI1,32336
chr2,44066521,44067454,LRPPRC,9660
chr2,44184379,44184827,AC019129.1,37807
chr2,44987379,44988020,SIX3,34841
chr2,45039592,45040318,SIX3,17415
chr2,46423135,46423678,EPAS1,45340
chr2,46823810,46824763,SOCS5,44684
chr2,46883379,46883737,AC016722.1,13767
chr2,46883824,46884163,AC016722.1,13332
chr2,47020075,47020638,MCFD2,2141
chr2,47037689,47038246,MCFD2,15470
chr2,47051449,47052117,MCFD2,29286
chr2,47745554,47746305,AC079250.1,25959
chr2,48499167,48499799,KLRAQ1,21928
chr2,48581267,48582105,U6,980
chr2,53601246,53601911,AC069157.1,34657
chr2,54069387,54069943,PSME4,18185
chr2,54069945,54070888,PSME4,18936
chr2,54655119,54655814,RPL23AP32,45483
chr2,54985410,54986281,AC013414.7,23276
chr2,60798314,60798874,AC012498.10-3,1688
chr2,60798876,60799314,AC012498.10-3,1187
chr2,62009353,62009951,AC107081.5,322
chr2,62031219,62031885,AC107081.5,22222
chr2,64688425,64688807,AC008074.3,29086
chr2,64902035,64902914,SRP_euk_arch,4459
chr2,64987437,64987913,AC007386.3-1,100
chr2,64987915,64988391,AC007386.3-1,378
chr2,65055866,65056849,SLC1A4,13740
chr2,65468668,65469304,SPRED2,43828
chr2,70025408,70026057,AC079811.6,10548
chr2,70057164,70057995,ASPRV1,14679
chr2,70058979,70059904,ASPRV1,16541
chr2,70074048,70074640,ASPRV1,31444
chr2,70078195,70079039,ASPRV1,35717
chr2,70339312,70339703,PCYOX1,748
chr2,70412454,70413456,FAM136A,30251
chr2,70863859,70864677,FIGLA,7014
chr2,73314409,73314699,CCT7,319
chr2,73831355,73831798,TPRKB,13542
chr2,74522575,74522929,RTKN,185
chr2,74604765,74605422,DQX1,1877
chr2,74925940,74926414,HK2,12888
chr2,74948645,74949498,HK2,35782
chr2,74954354,74954960,HK2,41368
chr2,74978450,74978844,AC104135.5,30226
chr2,74980824,74981427,AC104135.5,27748
chr2,74998458,74998998,AC104135.5,10145
chr2,75621939,75622432,TMEM166,28170
chr2,85214396,85214783,TCF7L1,345
chr2,85683347,85683858,TMEM150,271
chr2,86004999,86005362,ST3GAL5,35513
chr2,86005364,86005641,ST3GAL5,35835
chr2,86163210,86163836,POLR1A,23265
chr2,88096714,88097106,U2,270
chr2,88149318,88150383,SMYD1,1355
chr2,88271903,88272744,THNSL2,21374
chr2,91180135,91180450,AC027612.6-3,17222
chr2,95046363,95046935,MAL,8506
chr2,95156072,95156803,MRPS5,4957
chr2,96357825,96358276,ITPRIPL1,2363
chr2,96359322,96359575,ITPRIPL1,3761
chr2,96388812,96389245,NCAPH,23818
chr2,96826072,96826960,CNNM3,19201
chr2,96918050,96918399,SEMA4C,18763
chr2,96980655,96981038,AC079395.6-1,5432
chr2,96981404,96981854,AC079395.6-1,4649
chr2,96981856,96982443,AC079395.6-1,4129
chr2,98041432,98041911,VWA3B,28355
chr2,98069564,98070355,VWA3B,67
chr2,99514181,99514786,AC018690.5,11487
chr2,99546610,99547358,AC018690.5,43988
chr2,100273964,100274571,LONRF2,31359
chr2,100275001,100275718,LONRF2,30267
chr2,100305211,100305601,LONRF2,220
chr2,100526451,100527061,PDCL3,7447
chr2,100545376,100546060,PDCL3,11515
chr2,101943602,101944269,IL1R2,30802
chr2,102702399,102703295,MFSD9,16897
chr2,105239495,105240248,AC012360.7,8628
chr2,105360859,105361141,C2orf49,40580
chr2,105369741,105370920,C2orf49,49910
chr2,105374016,105374790,FHL2,46988
chr2,105381955,105382354,FHL2,39237
chr2,105386814,105387352,FHL2,34308
chr2,105411204,105411928,FHL2,9825
chr2,105414079,105414822,FHL2,6941
chr2,105434148,105435176,FHL2,13271
chr2,106129938,106130727,UXS1,46894
chr2,106257177,106257837,AC092106.5,27249
chr2,106513489,106514122,CD8BP,43541
chr2,108278415,108279168,SULT1C2,7265
chr2,108307802,108308511,SULT1C2,36630
chr2,108577684,108578537,LIMS1,6912
chr2,108963733,108964065,EDAR,8360
chr2,109390430,109391178,AC140485.3,9342
chr2,109404648,109405110,AC140485.3,23417
chr2,109759538,109760184,ANKRD57,30662
chr2,109805403,109806139,AC074387.6,46613
chr2,110186256,110186905,MALL,44851
chr2,110195838,110196324,MALL,35350
chr2,112009493,112010372,AC068491.4,40845
chr2,112406742,112407320,AC104651.2,2757
chr2,112414332,112414993,AC104651.2,10388
chr2,112420735,112421289,AC104651.2,16738
chr2,113065474,113066034,CHCHD5,7248
chr2,113392858,113393851,IL1F7,6338
chr2,113414764,113415339,IL1F7,28035
chr2,113650611,113651283,PSD4,2917
chr2,114064909,114065590,FAM39B,7089
chr2,118288208,118288771,DDX18,235
chr2,118554285,118555284,INSIG2,7735
chr2,119355605,119356054,EN1,33601
chr2,119692496,119692854,STEAP3,5178
chr2,119692856,119693307,STEAP3,4772
chr2,119959528,119959873,AC013275.8,36586
chr2,119961112,119961995,SCTR,36983
chr2,120702627,120703250,TMEM185B,5917
chr2,120787844,120788704,INHBB,31914
chr2,120797341,120797987,INHBB,22524
chr2,120798474,120798922,INHBB,21490
chr2,120798933,120799621,INHBB,20911
chr2,120858866,120859146,INHBB,38818
chr2,120859148,120859670,INHBB,39221
chr2,121080566,121081123,Y_RNA,44474
chr2,121121538,121122045,Y_RNA,3527
chr2,121539035,121539608,Y_RNA,24566
chr2,121734648,121735175,TFCP2L1,24336
chr2,121756971,121757348,TFCP2L1,2088
chr2,121794019,121794858,TFCP2L1,35191
chr2,127542066,127542413,BIN1,39094
chr2,127544356,127544859,BIN1,36726
chr2,127559341,127560004,BIN1,21661
chr2,127700607,127701216,CYP27C1,6788
chr2,128751875,128752268,HS6ST1,40569
chr2,128755956,128756417,HS6ST1,36454
chr2,128761967,128762579,HS6ST1,30367
chr2,128765299,128765966,HS6ST1,27008
chr2,128777240,128777894,HS6ST1,15073
chr2,128780322,128781088,HS6ST1,11935
chr2,130388130,130388548,AC079776.5-2,11464
chr2,130388550,130388931,AC079776.5-2,11063
chr2,130388933,130389362,AC079776.5-2,10656
chr2,130389364,130389430,AC079776.5-2,10406
chr2,130389432,130389749,AC079776.5-2,10213
chr2,130669482,130669878,TUBA3E,2829
chr2,130713717,130714086,AC018804.9,10480
chr2,131710296,131710821,U6,6909
chr2,131908423,131909052,AC073869.5-1,9828
chr2,131952530,131953279,TUBA3D,2769
chr2,132038176,132038487,ACTBL3,27406
chr2,132739580,132739900,hsa-mir-663b,8618
chr2,132742237,132742578,hsa-mir-663b,11285
chr2,132742580,132743074,hsa-mir-663b,11705
chr2,132746005,132746350,AC097532.3-1,9030
chr2,133805426,133806451,AC011996.8-1,1936
chr2,134115720,134115963,7SK,45710
chr2,134594147,134594217,MGAT5,40
chr2,134594219,134594504,MGAT5,139
chr2,135297284,135298107,ACMSD,14891
chr2,137982680,137983570,5S_rRNA,3124
chr2,137985293,137986007,5S_rRNA,599
chr2,138149984,138150683,Y_RNA,39038
chr2,138755956,138756757,AC097523.4,6410
chr2,138942537,138943346,SPOPL,32899
chr2,143454262,143454738,AC013444.8,25238
chr2,149081315,149082413,EPC2,37173
chr2,149642514,149643480,LYPD6B,39771
chr2,151829052,151829404,RBM43,2606
chr2,156964203,156964928,AC092686.3-1,10438
chr2,157833697,157834551,GALNT5,11769
chr2,158595334,158596183,UPP2,35822
chr2,158609071,158609778,UPP2,49488
chr2,159288042,159288743,AC005042.2,11367
chr2,159288745,159289317,AC005042.2,10728
chr2,159291933,159292622,AC005042.2,7482
chr2,159305423,159306206,AC005042.2,6055
chr2,159307274,159308202,AC005042.2,7979
chr2,159595585,159596091,U6,3939
chr2,159628257,159628978,U6,36718
chr2,159629248,159630182,U6,37816
chr2,161684107,161684627,TANK,17344
chr2,161684629,161684689,TANK,17052
chr2,161684691,161685363,TANK,16684
chr2,163053904,163054703,5S_rRNA,7388
chr2,168996266,168996830,AC019086.7-1,8772
chr2,169017313,169018134,AC019086.7-3,1644
chr2,169020679,169021186,LASS6,72
chr2,169174587,169174981,U6,3533
chr2,172129072,172129912,CYBRD1,42490
chr2,172705537,172706114,AC104801.4,23266
chr2,172953286,172953814,ITGA6,46841
chr2,172953847,172954323,ITGA6,46306
chr2,173925593,173926401,CDCA7,1809
chr2,174001621,174002429,AC073465.5-1,2760
chr2,174084807,174085664,AC073465.5-2,25900
chr2,174545458,174545975,SP3,7041
chr2,174558610,174559120,SP3,20190
chr2,175157368,175157942,U6,26610
chr2,175158305,175158668,U6,27441
chr2,175234013,175234454,WIPF1,21639
chr2,177957985,177958731,AC079305.6-3,7302
chr2,178092547,178093679,TTC30B,32874
chr2,182041190,182041969,ITGA4,11716
chr2,183409826,183410404,Y_RNA,9020
chr2,190114162,190115038,SLC40A1,39257
chr2,194533737,194534303,AC068135.5,30001
chr2,196865204,196865910,SRP_euk_arch,3180
chr2,197182804,197183862,HECW2,17754
chr2,200861433,200862295,AC012459.1,16996
chr2,200873599,200874039,AC012459.1,5041
chr2,200883791,200884269,AC012459.1,5170
chr2,200939996,200940803,Y_RNA,5743
chr2,201319972,201320500,U1,28315
chr2,201320973,201321245,U1,27442
chr2,201321247,201321415,U1,27220
chr2,201321417,201321616,U1,27035
chr2,202520170,202521005,AC007358.2-2,5716
chr2,202521924,202522686,AC007358.2-2,3998
chr2,202558674,202559325,AC007358.2-2,32696
chr2,202559327,202559781,AC007358.2-2,33251
chr2,202935053,202935846,AC064836.7-4,5065
chr2,203260107,203260924,AC009960.10-7,31658
chr2,206335376,206335731,AC007362.4,15475
chr2,207924064,207924799,AC009226.3,41347
chr2,208585300,208586092,U6,7013
chr2,214951615,214952386,AC107218.4,35162
chr2,216539349,216539753,MREG,47039
chr2,216552526,216553022,MREG,33816
chr2,216553024,216553472,MREG,33342
chr2,216705367,216706000,XRCC5,29967
chr2,217257694,217258202,IGFBP5,10567
chr2,217428678,217429226,TNP1,4074
chr2,218516450,218517066,TNS1,282
chr2,218524451,218524883,TNS1,7627
chr2,218561118,218561482,TNS1,44260
chr2,218895410,218895931,AC021016.5-3,19563
chr2,219323360,219324045,CYP27A1,31042
chr2,219382570,219383310,PRKAG3,21817
chr2,219973216,219973717,DNPEP,11625
chr2,220051248,220052075,GMPPA,20192
chr2,220142043,220142198,OBSL1,2309
chr2,220142200,220142507,OBSL1,2076
chr2,220145054,220145465,INHA,62
chr2,220295497,220296121,AC009502.2,25045
chr2,220752185,220752954,AC114765.6,12273
chr2,223435581,223436159,ACSL3,1895
chr2,223594209,223594972,KCNE4,30515
chr2,224481154,224482170,WDFY1,36633
chr2,224485500,224486024,WDFY1,32533
chr2,228039023,228039636,AGFG1,5782
chr2,228276288,228276613,SLC19A3,14538
chr2,230898025,230898659,SP140L,32419
chr2,232092323,232093046,C2orf52,5391
chr2,232093048,232093745,C2orf52,6103
chr2,232173834,232174489,C2orf57,8306
chr2,232278940,232279645,PTMA,1345
chr2,232280709,232281155,PTMA,295
chr2,232784955,232785664,hsa-mir-562,39703
chr2,232904038,232904707,ALPP,47219
chr2,232958806,232959479,ECEL1P2,730
chr2,233015419,233016103,ALPI,13315
chr2,233453606,233454046,C2orf82,11859
chr2,233912725,233913541,DGKD,14758
chr2,236094151,236094857,AGAP1,27033
chr2,237184844,237185668,CXCR7,42138
chr2,237538794,237539628,U6,49475
chr2,237540543,237540986,U6,47922
chr2,237559876,237560303,U6,28597
chr2,237599198,237599606,U6,10716
chr2,237614214,237614730,AC105760.3,15076
chr2,237614732,237615334,AC105760.3,14515
chr2,237617869,237618284,AC105760.3,11472
chr2,237649226,237650154,COPS8,9132
chr2,238069735,238070308,MLPH,10230
chr2,238075667,238076599,MLPH,16342
chr2,238083428,238083910,AC112721.3-1,13160
chr2,238142081,238142540,PRLH,2355
chr2,238514177,238514648,UBE2F,25982
chr2,240658014,240658707,OR9S24P,9162
chr2,240839584,240840321,AC124861.3-1,9997
chr2,241038030,241039067,AC110619.3,692
chr2,241481353,241481962,C2orf54,2429
chr2,241482312,241482758,C2orf54,1551
chr2,241574165,241574912,SNED1,12389
chr2,241896845,241897217,SEPT2,6364
chr2,242463496,242464001,C2orf85,3190
chr20,257411,257873,SOX12,3404
chr20,363265,363667,Y_RNA,15840
chr20,373762,374404,Y_RNA,5223
chr20,549324,550256,TCF15,10838
chr20,649452,649904,SCRT2,44856
chr20,682575,682978,C20orf54,14451
chr20,683015,683373,C20orf54,14033
chr20,757226,758139,C20orf55,4673
chr20,831696,832645,ANGPT4,12791
chr20,881960,882601,ANGPT4,37319
chr20,904999,905685,RSPO4,25561
chr20,905687,906390,RSPO4,24865
chr20,1263566,1264060,SDCBP2,5976
chr20,1347160,1347432,FKBP1A,25544
chr20,2278472,2278982,TGM6,30826
chr20,2627720,2628435,AL035460.15-1,2727
chr20,2997551,2998197,OXT,2391
chr20,3594419,3595035,GFRA4,2682
chr20,3601156,3601886,ADAM33,9371
chr20,4038106,4038875,AL121675.36-1,33373
chr20,4062897,4063823,AL121675.36-1,8503
chr20,4064120,4064627,AL121675.36-1,7490
chr20,4064855,4065204,AL121675.36-1,6834
chr20,4065206,4065833,AL121675.36-1,6344
chr20,4083530,4084273,SMOX,6452
chr20,4090052,4090483,SMOX,12818
chr20,4100751,4101129,SMOX,23491
chr20,5055093,5055396,PCNA,23
chr20,7620180,7620772,AL031653.5-2,5147
chr20,9460137,9460685,C20orf103,17141
chr20,13175680,13176600,ISM1,25723
chr20,14967881,14968464,U6,16675
chr20,16469815,16470280,C20orf23,32030
chr20,16471034,16471708,C20orf23,30706
chr20,17443619,17444203,RPS27AP2,1576
chr20,17574827,17575351,RRBP1,35838
chr20,17823823,17824417,U6,8285
chr20,17824776,17825499,U6,7268
chr20,17838359,17838762,U6,6155
chr20,17987235,17987839,OVOL2,1017
chr20,19173260,19173990,SLC24A3,32139
chr20,19211981,19212761,AL049647.7-1,868
chr20,19213066,19213634,AL049647.7-1,111
chr20,19219420,19220028,AL049647.7-1,6485
chr20,19245241,19245726,AL049647.7-2,24456
chr20,19298740,19299371,AL049647.7-2,29116
chr20,19510093,19510731,AL139429.8,8328
chr20,19712607,19713280,AL132821.17,39643
chr20,19720906,19721377,AL132821.17,31445
chr20,19981044,19981490,C20orf26,72
chr20,20315549,20316205,INSM1,19113
chr20,20369806,20370627,AL121896.11,24005
chr20,20676855,20677574,SRP_euk_arch,9841
chr20,20701177,20701906,SRP_euk_arch,34168
chr20,21696633,21697146,RPL41P1,12982
chr20,22224821,22225414,ST13P,24194
chr20,23044976,23045443,CD93,30233
chr20,23045531,23045975,CD93,30777
chr20,23266367,23267015,NXT1,12681
chr20,23286387,23286984,GZF1,4133
chr20,23289746,23290150,GZF1,870
chr20,23558739,23559201,CST3,8139
chr20,24186169,24186714,U1,20551
chr20,24381301,24381858,RP4-580G13.1,7553
chr20,24940361,24940960,C20orf3,19236
chr20,24945873,24946600,C20orf3,24812
chr20,24947123,24947467,C20orf3,25871
chr20,24984719,24985324,ACSS1,2594
chr20,24987891,24988436,ACSS1,548
chr20,25120418,25121055,ENTPD6,3592
chr20,25210411,25210530,PYGB,33765
chr20,25210532,25211037,PYGB,34079
chr20,25220569,25221337,PYGB,44248
chr20,25482218,25482933,KIAA0980,31577
chr20,25552361,25552659,NANP,110
chr20,29611264,29611971,RP3-324O17.4,12650
chr20,29645309,29645640,ID1,11278
chr20,29723803,29724648,COX4I2,34874
chr20,29730102,29730464,COX4I2,40932
chr20,29731887,29732375,BCL2L1,42192
chr20,29755904,29756470,BCL2L1,18136
chr20,29873735,29874381,MYLK2,3287
chr20,29896587,29897081,FOXS1,248
chr20,30038864,30039816,XKR7,19875
chr20,30092100,30092711,5S_rRNA,9646
chr20,30287374,30287615,hsa-mir-1825,1764
chr20,30727648,30728146,BX640505.3,14380
chr20,30813819,30814313,DNMT3B,215
chr20,30883422,30884080,MAPRE1,12315
chr20,31337051,31337680,C20orf114,2764
chr20,31463981,31464500,CDK5RAP1,11243
chr20,31725907,31726508,NECAB3,283
chr20,32045110,32045480,RALY,150
chr20,32387150,32387800,CTD-3216D2.4,11776
chr20,32401160,32401646,CTD-3216D2.4,2152
chr20,32523569,32524053,AL109923.29-1,4128
chr20,33309717,33310309,EIF6,25994
chr20,33328272,33328764,EIF6,7489
chr20,34078446,34079177,HMGB3L2,49125
chr20,34114085,34114603,HMGB3L2,13592
chr20,34116181,34116562,HMGB3L2,11565
chr20,34134368,34135264,HMGB3L2,6880
chr20,34137085,34137744,EPB41L1,5425
chr20,34587083,34587725,MYL9,15906
chr20,34637269,34637469,TGIF2,2065
chr20,34637471,34637923,TGIF2,2393
chr20,34647382,34647760,TGIF2,12267
chr20,34757350,34757855,Y_RNA,27116
chr20,34836082,34836566,C20orf172,762
chr20,35326257,35327011,GHRH,2983
chr20,35331509,35332390,GHRH,8298
chr20,35333124,35333894,GHRH,9858
chr20,35340978,35341316,MANBAL,10317
chr20,35341318,35341542,MANBAL,10034
chr20,35341544,35341991,MANBAL,9697
chr20,35375985,35376339,MANBAL,24698
chr20,35413372,35413768,SRC,5600
chr20,35621346,35622080,PPIAP3,29859
chr20,35624115,35624991,PPIAP3,32699
chr20,36121626,36122292,Y_RNA,7398
chr20,36170165,36171127,AL109823.23-1,10131
chr20,36171796,36171874,AL109823.23-1,11320
chr20,36171876,36172196,AL109823.23-1,11521
chr20,36201024,36201653,TGM2,25775
chr20,36206776,36207324,TGM2,20063
chr20,36223839,36224479,TGM2,2954
chr20,36361723,36362524,BPI,3842
chr20,36666971,36667242,AL035419.12,10426
chr20,36667244,36667312,AL035419.12,10254
chr20,37062023,37062669,NPM1P19,21868
chr20,37344977,37345513,AL121588.24,11649
chr20,39512627,39513046,RP4-620E11.4,11161
chr20,39755116,39755503,Y_RNA,6459
chr20,39755546,39755842,Y_RNA,6074
chr20,39796511,39797003,SNORA26,22105
chr20,40649387,40649817,RP4-730D4.1,19145
chr20,41732558,41732864,MYBL2,3533
chr20,41732866,41732915,MYBL2,3712
chr20,41732917,41733308,MYBL2,3934
chr20,41837932,41838635,U6,20313
chr20,41942712,41943562,C20orf100,33768
chr20,42244114,42244807,JPH2,5171
chr20,42364307,42365022,C20orf142,8638
chr20,42754963,42755535,AL139352.16-2,21525
chr20,42827192,42827630,KCNK15,19510
chr20,42827651,42828304,KCNK15,20076
chr20,43402325,43402919,SDC4,7855
chr20,43403680,43404046,SDC4,6614
chr20,43404251,43404318,SDC4,6193
chr20,43404320,43404484,SDC4,6075
chr20,43404486,43404789,SDC4,5840
chr20,43435967,43436432,C20orf10,4247
chr20,43886100,43886426,TNNC2,9527
chr20,44347106,44347666,CDH22,33646
chr20,44799064,44799559,SLC2A10,27779
chr20,44913955,44914506,7SK,7148
chr20,44967184,44967623,EYA2,10488
chr20,45381779,45382327,ZMYND8,36827
chr20,45407464,45408112,ZMYND8,11092
chr20,46713474,46714330,AL035106.28,38831
chr20,46736531,46737155,AL035106.28,15890
chr20,46747316,46748147,AL035106.28,5002
chr20,46748209,46748617,AL035106.28,4320
chr20,46784483,46784989,AL035106.28,32003
chr20,46854793,46855352,PREX1,22754
chr20,46913988,46914757,PREX1,36546
chr20,46914759,46915414,PREX1,37260
chr20,46925278,46926017,ARFGEF2,46034
chr20,46995690,46996486,ARFGEF2,24407
chr20,47494422,47494941,KCNB1,37906
chr20,47593663,47594245,PTGIS,24159
chr20,47862457,47862839,SLC9A8,8
chr20,47938217,47938954,SPATA2,26889
chr20,47938956,47939777,SPATA2,26108
chr20,47966357,47967043,SPATA2,1226
chr20,48028945,48029455,SNAI1,3733
chr20,48031858,48032482,SNAI1,763
chr20,48192711,48193150,UBE2V1,10747
chr20,48331298,48331905,AL354889.14,11062
chr20,48334684,48335194,AL354889.14,7724
chr20,48377062,48377947,AL354889.14,34841
chr20,48464636,48465170,AL034429.1-1,14523
chr20,48490423,48491296,SRP_euk_arch,11433
chr20,48616290,48616937,Y_RNA,3661
chr20,48623218,48624093,Y_RNA,10703
chr20,48720493,48721142,C20orf175,20654
chr20,48811671,48812163,PARD6B,30430
chr20,48814092,48814579,BCAS4,30538
chr20,48848488,48849101,BCAS4,3921
chr20,49143059,49143716,RPSAP1,38223
chr20,49210398,49210845,RPSAP1,29011
chr20,49543024,49543520,NFATC2,49392
chr20,49850267,49850695,SALL4,1939
chr20,51658137,51658772,ZNF217,14247
chr20,52120764,52120964,BCAS1,374
chr20,52149473,52149947,BCAS1,29220
chr20,52153925,52154921,BCAS1,33933
chr20,52176581,52177679,CYP24A1,46800
chr20,52198754,52199538,CYP24A1,24784
chr20,52244826,52245282,PFDN4,12854
chr20,52245284,52245792,PFDN4,12370
chr20,54274343,54274864,RP11-380D15.2,1731
chr20,54586137,54586901,AL137162.25-1,23643
chr20,54614880,54615549,AL137162.25-2,926
chr20,54621253,54621789,AL137162.25-2,5381
chr20,54637755,54638195,TFAP2C,211
chr20,54638669,54638905,TFAP2C,1023
chr20,54721966,54722824,AL133232.15-1,4953
chr20,54743527,54744245,AL133232.15-1,16538
chr20,54767294,54767740,U6,27032
chr20,54796932,54797450,U6,2642
chr20,54812844,54813733,U6,18739
chr20,55271432,55271978,BMP7,3386
chr20,55586036,55586501,PCK1,16726
chr20,55701228,55701894,PMEPA1,18385
chr20,55702471,55703163,PMEPA1,17129
chr20,55989399,55989917,AL354984.17-4,5179
chr20,56017476,56017841,AL354984.17-4,33179
chr20,56063269,56063768,AL354984.17-2,12399
chr20,56063770,56063778,AL354984.17-2,12143
chr20,56063780,56064061,AL354984.17-2,11997
chr20,56190980,56191401,C20orf85,31802
chr20,56568052,56568871,AL050327.6,45084
chr20,56717973,56718617,AL139349.36,7531
chr20,57020696,57021034,CTSZ,5169
chr20,57315416,57315872,EDN3,6768
chr20,57351206,57351865,EDN3,42659
chr20,57452522,57453004,C20orf83,16523
chr20,57968417,57969157,CDH26,1911
chr20,57996497,57997267,CDH26,30006
chr20,58316514,58316976,hsa-mir-646,181
chr20,58814753,58815389,AL117372.35,42430
chr20,58816184,58817057,AL117372.35,43979
chr20,59255571,59256209,CDH4,5074
chr20,60095954,60096383,TAF4,21908
chr20,60391025,60391545,RPS21,4214
chr20,60414042,60414316,CABLES2,1554
chr20,60414318,60414434,CABLES2,1357
chr20,60414999,60415513,CABLES2,477
chr20,60416175,60416627,CABLES2,668
chr20,60450693,60451052,C20orf151,14889
chr20,60461209,60461695,GATA5,22968
chr20,60478591,60479279,GATA5,5485
chr20,60490655,60491038,GATA5,6426
chr20,60853052,60853569,NTSR1,42677
chr20,61053973,61054765,SLC17A9,74
chr20,61166695,61167034,C20orf51,28040
chr20,61171613,61172145,C20orf51,33055
chr20,61172147,61172709,C20orf51,33604
chr20,61300448,61300926,AL096828.29,9709
chr20,61333748,61334696,BIRC7,3457
chr20,61759133,61759571,RTEL1,254
chr20,61766560,61766941,RTEL1,7144
chr20,61766943,61766970,RTEL1,7350
chr20,61766972,61767113,RTEL1,7436
chr20,61767115,61767323,RTEL1,7613
chr20,61767325,61767849,RTEL1,7981
chr20,61792568,61793487,ARFRP1,16781
chr20,61891383,61891982,ZBTB46,41358
chr20,61917893,61918549,ZBTB46,14819
chr20,61930409,61931344,ZBTB46,2164
chr20,61947724,61948415,TPD52L2,11461
chr20,61964793,61965357,C20orf135,1781
chr20,61965742,61966518,C20orf135,2836
chr20,62182267,62182816,OPRL1,610
chr20,62309968,62310453,MYT1,43940
chr20,62337963,62338624,PCMTD2,19198
chr20,62339909,62340799,PCMTD2,17137
chr21,14600208,14601031,ABCC13,32629
chr21,15738228,15739186,CYCSP42,46249
chr21,15880922,15881991,U6,27016
chr21,19914850,19915622,RPL37P4,27211
chr21,21290879,21291692,NCAM2,1218
chr21,21301366,21302484,NCAM2,9422
chr21,29151822,29152674,HEMK2,27315
chr21,29661466,29662050,AP000240.1,21922
chr21,31786540,31787341,AP000563.2,40291
chr21,31823545,31824087,TIAM1,29344
chr21,32633937,32634572,AP000268.1,2678
chr21,32687213,32688274,URB1,538
chr21,32749916,32750345,AP000269.2,194
chr21,34218948,34219397,AP000313.1-2,5662
chr21,34816468,34817001,KCNE1,10292
chr21,36482028,36483147,RPL3P1,18240
chr21,36487383,36487588,RPL3P1,23138
chr21,36487590,36488372,RPL3P1,23634
chr21,36529188,36529857,AP000691.1,23176
chr21,36696072,36696820,ATP5J2LP,13167
chr21,36795537,36796278,PSMD15,14329
chr21,36907235,36907757,CLDN14,36760
chr21,37561919,37562795,DSCR3,226
chr21,37633177,37633828,DYRK1A,28246
chr21,38433828,38434179,DSCR8,18567
chr21,38434181,38434206,DSCR8,18757
chr21,38434208,38434571,DSCR8,18953
chr21,38464666,38465249,AP001425.1,16568
chr21,38955045,38955566,ERG,182
chr21,39200665,39200925,AP001043.2,12085
chr21,39200927,39200988,AP001043.2,12247
chr21,39200990,39201005,AP001043.2,12287
chr21,39201007,39201579,AP001043.2,12583
chr21,39204251,39204696,AP001043.2,15763
chr21,39208078,39209303,AP001043.2,19980
chr21,39230524,39231068,AP001042.1,1426
chr21,39231131,39231636,AP001042.1,839
chr21,39380941,39381301,RPL23AP12,40242
chr21,39388958,39389298,RPL23AP12,32235
chr21,39419723,39420150,RPL23AP12,1427
chr21,39608336,39608906,BRWD1,1196
chr21,39615184,39615697,BRWD1,8015
chr21,39739162,39739557,C21orf13,213
chr21,39739642,39740184,SH3BGR,253
chr21,39817672,39818229,AF121897.4,1429
chr21,39821484,39821990,AF121897.4,2358
chr21,39922057,39922848,C21orf88,15835
chr21,40003437,40003948,IGSF5,35614
chr21,40006879,40007661,IGSF5,32036
chr21,40017181,40017702,IGSF5,21865
chr21,40031396,40031670,IGSF5,7773
chr21,40031672,40032143,IGSF5,7399
chr21,41436924,41437395,BACE2,24438
chr21,41473825,41474306,AL773572.1,6073
chr21,41615817,41616382,FAM3B,5574
chr21,41616384,41616398,FAM3B,5866
chr21,41616400,41616433,FAM3B,5891
chr21,41616435,41616797,FAM3B,6091
chr21,41687910,41688514,MX1,26099
chr21,41717491,41718007,MX1,3438
chr21,41800544,41801002,TMPRSS2,1174
chr21,41877226,41877885,SNORA32,44553
chr21,42060027,42060725,RIPK4,42
chr21,42249429,42249988,C2CD2,2641
chr21,42252509,42252979,C2CD2,5677
chr21,42266085,42266454,C2CD2,19202
chr21,42349544,42349781,UMODL1,6474
chr21,42349783,42350211,UMODL1,6139
chr21,42350213,42350596,UMODL1,5732
chr21,42353070,42353703,UMODL1,2750
chr21,42378989,42379419,C21orf128,22422
chr21,42379457,42380164,C21orf128,21816
chr21,42399454,42400158,C21orf128,1820
chr21,42413146,42413596,C21orf128,11745
chr21,42413598,42413785,C21orf128,12065
chr21,42413787,42413850,C21orf128,12192
chr21,42413852,42414119,C21orf128,12359
chr21,42555817,42556136,AP001623.1,37547
chr21,42612525,42613298,TFF3,4137
chr21,42631055,42631392,TFF2,12952
chr21,42631394,42631603,TFF2,12677
chr21,42644289,42644624,TFF2,281
chr21,42654598,42654764,TFF1,5031
chr21,42654766,42655058,TFF1,4800
chr21,42656427,42657016,TFF1,2991
chr21,42657358,42657752,TFF1,2157
chr21,42659543,42660367,TFF1,243
chr21,42668606,42669108,TFF1,9145
chr21,42670084,42670131,TFF1,10395
chr21,42670133,42670323,TFF1,10516
chr21,42670325,42670475,TFF1,10688
chr21,42673082,42673228,TFF1,13443
chr21,42673230,42673549,TFF1,13677
chr21,42683823,42684476,TMPRSS3,5874
chr21,42686011,42686680,TMPRSS3,3678
chr21,42708671,42709381,AP001624.1,1744
chr21,42809395,42809898,SLC37A1,16836
chr21,43213037,43213334,AP001629.1,5639
chr21,43213336,43213600,AP001629.1,5356
chr21,43299619,43300223,PKNOX1,32210
chr21,43642186,43642564,SIK1,29060
chr21,43642566,43643161,SIK1,28572
chr21,43653596,43654414,SIK1,17430
chr21,43674350,43674814,SIK1,3147
chr21,43722196,43722748,C21orf84,58
chr21,44061083,44061567,AP001053.1,4450
chr21,44274145,44274764,H2AFZP,16895
chr21,44394878,44395628,C21orf33,17332
chr21,44398527,44399108,C21orf33,20896
chr21,44399110,44399324,C21orf33,21296
chr21,44414670,44414911,C21orf33,36869
chr21,44420109,44421067,C21orf33,42667
chr21,44439982,44440906,ICOSLG,44832
chr21,44440908,44441429,ICOSLG,44108
chr21,44484982,44485481,ICOSLG,45
chr21,44488298,44488828,ICOSLG,3287
chr21,44614733,44615257,TRPM2,20522
chr21,44620322,44620855,TRPM2,26115
chr21,44622474,44623125,TRPM2,28326
chr21,44686194,44686574,LRRC3,13436
chr21,44948634,44949414,AL773604.6,2461
chr21,44992293,44992849,C21orf29,36649
chr21,45017869,45018715,UBE2G2,27873
chr21,45114686,45115150,PTTG1IP,3250
chr21,45116652,45117166,PTTG1IP,1259
chr21,45147542,45148032,ITGB2,25393
chr21,45299012,45299370,ADARB1,19004
chr21,45317638,45318272,ADARB1,240
chr21,45564520,45565139,C21orf93,15230
chr21,45571398,45572061,C21orf93,22130
chr21,45574564,45575126,C21orf93,25246
chr21,45597161,45597795,BX322559.2,23246
chr21,45622934,45623877,BX322559.2,2681
chr21,45631073,45631603,BX322559.2,10614
chr21,45647704,45648125,COL18A1,1565
chr21,45660738,45661333,C21orf123,8377
chr21,45672051,45672875,C21orf123,3051
chr21,46112480,46112769,AL592528.1,31864
chr21,46112771,46113068,AL592528.1,32159
chr21,46150583,46151192,PCBP3OT,11684
chr21,46445743,46446421,C21orf56,17310
chr21,46537798,46538627,C21orf57,7534
chr21,46538732,46539421,C21orf57,8398
chr22,16291519,16292354,AC004019.10,14193
chr22,16501055,16501276,BCL2L13,9545
chr22,16501278,16501692,BCL2L13,9865
chr22,16698236,16698848,AC016026.15,3777
chr22,16710028,16710734,AC016026.15,15616
chr22,16850680,16851001,hsa-mir-648,7114
chr22,16982229,16983289,TUBA8,9307
chr22,17540456,17541081,SLC25A1,5491
chr22,17922405,17922984,CLDN5,27627
chr22,18076528,18077021,SEPT5,5212
chr22,18116874,18117403,TBX1,7087
chr22,18174191,18174559,AC000089.3,14559
chr22,18243731,18244538,AC000078.5,10677
chr22,18277245,18277868,AC000078.5,22745
chr22,18377879,18378128,ARVCF,6305
chr22,18378130,18378862,ARVCF,5812
chr22,18389363,18389980,C22orf25,5135
chr22,18547797,18548832,ZDHHC8,48951
chr22,19141993,19142412,AC007731.16-1,7682
chr22,19569998,19570862,SNAP29,27139
chr22,19571521,19572297,SNAP29,28618
chr22,19572299,19572326,SNAP29,29021
chr22,19591898,19592272,CRKL,9628
chr22,19600730,19601668,CRKL,514
chr22,19722221,19722816,hsa-mir-649,3958
chr22,19750172,19750985,AC002472.14,830
chr22,19754578,19755562,AC002472.14,5322
chr22,20370995,20371588,PPIL2,21019
chr22,20393902,20394542,AP000553.1-1,13228
chr22,20724855,20725540,LL22NC03-23C6.12,2156
chr22,20727308,20728089,IGLV10-67,317
chr22,20903192,20903949,IGLVIV-53,468
chr22,20904149,20904553,IGLVIV-53,313
chr22,21259517,21260103,IGLV2-33,873
chr22,21582192,21582882,D87023.1-5,202
chr22,21583893,21584323,IGLC4,1111
chr22,21597028,21597730,D87017.2-4,2614
chr22,21625750,21626202,D87017.2-4,31211
chr22,21811912,21812870,AC000029.17-3,3585
chr22,21819632,21820220,RAB36,2414
chr22,21823370,21824075,RAB36,6210
chr22,21838375,21839246,U07000.1-1,4507
chr22,21839648,21840028,U07000.1-1,3479
chr22,21851556,21852138,BCR,704
chr22,21864439,21865287,BCR,12312
chr22,21941687,21942407,SHFM3P1,6725
chr22,22103366,22103895,AP000344.1-1,16049
chr22,22406219,22406964,ZNF70,16687
chr22,22865529,22865924,SUSD2,41717
chr22,22932633,22933500,SUSD2,25623
chr22,23252044,23252699,SNRPD3,29246
chr22,23257957,23258970,SNRPD3,23154
chr22,23320639,23321158,C22orf36,1869
chr22,23949447,23950187,CRYBB2,4206
chr22,24126685,24127553,LRP5L,4204
chr22,24501470,24502197,MYO18B,33714
chr22,24668956,24669410,7SK,21055
chr22,25410653,25411223,Z99774.1,12322
chr22,26525375,26526237,MN1,1679
chr22,27544557,27545128,CTA-292E10.7,17282
chr22,27545379,27545940,CTA-292E10.7,16465
chr22,27545942,27546226,CTA-292E10.7,16040
chr22,27548667,27549344,CTA-292E10.7,13119
chr22,27549664,27550237,CTA-292E10.7,12174
chr22,27882453,27883003,U6,22727
chr22,28103849,28104778,AP1B1,10255
chr22,28111649,28112066,AP1B1,2711
chr22,28112131,28112699,AP1B1,2153
chr22,28124746,28125367,AP1B1,10488
chr22,28207710,28208276,NEFH,1775
chr22,28419852,28420448,CABP7,26193
chr22,28420450,28420746,CABP7,25745
chr22,28422469,28422882,CABP7,23668
chr22,28427024,28427458,CABP7,19102
chr22,28437242,28437684,CABP7,8880
chr22,28524824,28525226,ZMAT5,19064
chr22,28525228,28525255,ZMAT5,18848
chr22,28525257,28525571,ZMAT5,18675
chr22,28527520,28528101,ZMAT5,16279
chr22,28542688,28543619,ZMAT5,936
chr22,28780527,28781240,CTA-85E5.8,7702
chr22,29017013,29017604,RP1-130H16.13,1693
chr22,29024299,29024820,RP1-130H16.13,8944
chr22,29134875,29135277,U6,11957
chr22,29262068,29262857,AC004832.3-2,6399
chr22,29282471,29283092,RP4-539M6.17,10113
chr22,29954952,29955700,Y_RNA,831
chr22,30305654,30306204,AL096701.14-1,20461
chr22,30312126,30312728,AL096701.14-1,26959
chr22,30353789,30354292,PISD,34377
chr22,30357139,30357668,PISD,31014
chr22,31385924,31386718,Z75744.2,25138
chr22,31559172,31559421,Z73979.1,18925
chr22,31559423,31559983,Z73979.1,19332
chr22,31620542,31621096,Z98256.1,34400
chr22,34039179,34040200,TOM1,13829
chr22,34349321,34349914,MB,271
chr22,35191712,35192424,TXN2,15564
chr22,35651899,35652551,CSF2RB,12610
chr22,35676247,35677135,AL133392.1,2224
chr22,35747191,35747691,MPST,1820
chr22,35915021,35915781,C1QTNF6,1126
chr22,35922824,35923340,C1QTNF6,8807
chr22,35923608,35924172,C1QTNF6,9615
chr22,36289717,36290228,CDC42EP1,3527
chr22,36475807,36476462,Z83844.5-2,35344
chr22,36502951,36503455,Z83844.5-2,8275
chr22,36503457,36503733,Z83844.5-2,7883
chr22,36507135,36507937,Z83844.5-2,3942
chr22,36613298,36614188,U6,3556
chr22,36618567,36619382,U6,1675
chr22,36659000,36659628,C22orf23,20307
chr22,36723200,36723997,AL031587.3,8001
chr22,36725284,36725978,AL031587.3,10034
chr22,36906918,36907574,PLA2G6,535
chr22,36948575,36949240,SRP_euk_arch,8764
chr22,37240361,37241065,DDX17,8423
chr22,37528735,37529562,DNAL4,9000
chr22,38025691,38026325,snoU83B,13853
chr22,38027015,38027655,snoU83B,12526
chr22,38087087,38087551,SYNGR1,11420
chr22,38105492,38106094,MAP3K7IP1,19898
chr22,38195720,38196431,MGAT3,12805
chr22,38196433,38197036,MGAT3,13464
chr22,38197038,38197468,MGAT3,13983
chr22,38197470,38197997,MGAT3,14463
chr22,38206689,38207481,SMCR7L,18965
chr22,38208521,38209280,SMCR7L,17150
chr22,38249850,38250357,ATF4,4458
chr22,38285374,38285800,CACNA1I,11116
chr22,38319108,38319555,CACNA1I,22628
chr22,38376257,38377059,AL022319.2,24107
chr22,38379483,38380223,AL022319.2,27302
chr22,38389611,38390124,AL022319.2,37316
chr22,40106949,40107404,AL035659.22-4,1745
chr22,40194969,40195597,ACO2,209
chr22,40198095,40199125,ACO2,3536
chr22,40324842,40325569,PMM1,9436
chr22,40649117,40649707,TNFRSF13C,3315
chr22,40899575,40900211,RP4-669P10.15,18943
chr22,41003656,41004310,Z83851.17,8281
chr22,41348183,41348885,U12,7341
chr22,41437167,41437938,A4GALT,9267
chr22,41526789,41527262,AL049757.14-2,8908
chr22,41922236,41923123,TTLL12,9604
chr22,41924296,41924891,TTLL12,11518
chr22,41924893,41924957,TTLL12,11850
chr22,41924959,41925459,TTLL12,12134
chr22,42104076,42105011,MPPED1,33536
chr22,42112621,42113288,MPPED1,25125
chr22,42115262,42115884,MPPED1,22506
chr22,42125890,42126617,MPPED1,11826
chr22,42128386,42129020,MPPED1,9376
chr22,42548857,42549475,EFCAB6,9617
chr22,42596235,42596946,SULT4A1,6860
chr22,42646675,42647458,PNPLA3,3885
chr22,43217676,43218086,RP1-32I10.11,28524
chr22,43229734,43230333,CTA-397C4.3,28227
chr22,43285973,43286601,LDOC1L,13619
chr22,43669766,43670426,RP1-127B20.4,5994
chr22,44054275,44054877,AL008718.23,4460
chr22,44265232,44266124,FBLN1,11704
chr22,44708703,44709138,WNT7B,42474
chr22,44711869,44712510,WNT7B,39205
chr22,44846993,44847630,C22orf26,18624
chr22,45152216,45152798,TRMU,42546
chr22,45240337,45240812,RP5-996D20.3,15746
chr22,45263420,45263921,RP5-996D20.3,7350
chr22,46235564,46235843,LL22NC03-75H12.2,25820
chr22,47251426,47252555,FAM19A5,11945
chr22,47368287,47368967,Z84468.1,44132
chr22,48401381,48401998,C22orf34,35504
chr22,48513935,48514625,7SK,4048
chr22,48635494,48635875,ZBED4,2191
chr22,48709829,48710295,CRELD2,11776
chr22,48715421,48716230,CRELD2,17539
chr22,48807841,48808549,IL17REL,14981
chr22,49080959,49081534,PLXNB2,5911
chr22,49097441,49098160,FAM116B,2229
chr3,3650479,3651037,AC024158.5,12381
chr3,3653328,3654394,AC024158.5,9278
chr3,3703493,3704322,AC024158.5,40768
chr3,3795314,3795780,LRRN1,20573
chr3,4454736,4455485,SUMF1,28843
chr3,4994287,4994532,BHLHE40,1798
chr3,4994954,4995035,BHLHE40,1213
chr3,4995037,4995085,BHLHE40,1146
chr3,4995087,4995191,BHLHE40,1068
chr3,4995193,4995457,BHLHE40,882
chr3,5003594,5003913,BHLHE40,7546
chr3,5016667,5016791,BHLHE40,20522
chr3,5016793,5017264,BHLHE40,20821
chr3,5038134,5038536,BHLHE40,42128
chr3,5043016,5043335,BHLHE40,46968
chr3,5205655,5206105,EDEM1,1448
chr3,5271430,5271805,SRP_euk_arch,1710
chr3,8334396,8335175,AC023481.6,46549
chr3,8340477,8341239,AC023481.6,40476
chr3,8346603,8347263,AC023481.6,34401
chr3,8473111,8473546,LMCD1,45178
chr3,8473574,8474010,LMCD1,44714
chr3,8476791,8477662,LMCD1,41280
chr3,8517341,8517891,LMCD1,890
chr3,8519013,8519959,LMCD1,980
chr3,8524848,8525320,LMCD1,6578
chr3,10815279,10816159,SLC6A11,17197
chr3,11776375,11777235,VGLL4,39601
chr3,11784293,11784963,VGLL4,47424
chr3,11785141,11785903,VGLL4,48318
chr3,12704484,12705173,RAF1,24151
chr3,13002380,13003119,IQSEC1,18790
chr3,14218615,14219332,LSM3,23633
chr3,14221054,14221692,LSM3,26033
chr3,14372583,14373164,5S_rRNA,38278
chr3,14388508,14388558,5S_rRNA,22618
chr3,14388560,14388896,5S_rRNA,22423
chr3,14399346,14400193,5S_rRNA,11382
chr3,14407502,14407958,5S_rRNA,3421
chr3,14407960,14408263,5S_rRNA,3040
chr3,14417217,14417839,SLC6A6,1581
chr3,14422581,14422909,SLC6A6,3636
chr3,14429311,14430000,SLC6A6,10546
chr3,14451430,14451910,SLC6A6,32561
chr3,14687331,14687912,C3orf20,4036
chr3,14688770,14689235,C3orf20,2655
chr3,14693383,14693906,C3orf20,1987
chr3,14813413,14814212,FGD5,21770
chr3,14852499,14852974,FGD5,17154
chr3,15284864,15285163,AC087590.2-2,31410
chr3,15309784,15310498,SH3BP5,38966
chr3,15327287,15327666,SH3BP5,21631
chr3,15403556,15404487,METTL6,40024
chr3,15415278,15415832,METTL6,28490
chr3,15486864,15487305,AC027129.6-1,36331
chr3,15652579,15652994,BTD,34534
chr3,16913850,16914576,PLCL2,12758
chr3,20196293,20196714,SGOL1,6183
chr3,20202765,20203375,SGOL1,384
chr3,25851724,25852260,OXSM,45418
chr3,29956402,29956763,AC099048.2,49005
chr3,30275119,30275596,U3,45673
chr3,31964470,31965275,OSBPL10,33369
chr3,32123562,32123977,GPD1L,743
chr3,32126669,32127220,GPD1L,3918
chr3,32128145,32128686,GPD1L,5389
chr3,32455068,32455768,CMTM7,47252
chr3,33734657,33735273,CLASP2,114
chr3,33814609,33815299,PDCD6IP,394
chr3,38020797,38021269,Y_RNA,10029
chr3,39138169,39138848,GORASP1,13651
chr3,39141399,39142134,GORASP1,16909
chr3,39166637,39167401,AXUD1,3085
chr3,40178282,40178752,SRP_euk_arch,46982
chr3,40434666,40435411,ENTPD3,31350
chr3,41990866,41991589,ULK4,12564
chr3,43197390,43198100,AC104434.2-3,29621
chr3,43201737,43202303,AC104434.2-3,25346
chr3,43202305,43202996,AC104434.2-3,24716
chr3,43230852,43231489,AC104434.2-3,3804
chr3,46004226,46004814,FYCO1,7790
chr3,46625430,46626046,AC104304.2,16537
chr3,46677352,46677948,ALS2CL,32544
chr3,46681134,46681799,ALS2CL,28728
chr3,46681830,46682225,ALS2CL,28167
chr3,46682227,46682295,ALS2CL,27933
chr3,46682297,46682824,ALS2CL,27634
chr3,46683118,46683621,ALS2CL,26825
chr3,46689995,46690460,ALS2CL,19967
chr3,46895269,46896124,PTH1R,4300
chr3,46951990,46952615,CCDC12,40939
chr3,47180728,47181204,SETD2,506
chr3,47460055,47460750,SCAP,32046
chr3,48441557,48442177,PLXNB1,4596
chr3,48467827,48468452,TREX1,4886
chr3,48486198,48486627,TREX1,23159
chr3,49147251,49147763,LAMB2,1905
chr3,49261308,49262032,AC121247.2-1,20788
chr3,49431092,49431867,AMT,3536
chr3,49449897,49450701,NICN1,8539
chr3,49614324,49615237,BSN,47855
chr3,50139423,50139730,SEMA3F,27951
chr3,50139732,50139748,SEMA3F,27787
chr3,50139750,50139798,SEMA3F,27753
chr3,50139800,50140445,SEMA3F,27405
chr3,50163016,50163319,SEMA3F,4360
chr3,50163321,50163550,SEMA3F,4092
chr3,50277567,50278075,SEMA3B,2222
chr3,50281250,50281717,SEMA3B,1440
chr3,50283910,50284735,SEMA3B,4279
chr3,50387595,50388117,TMEM115,15914
chr3,50389611,50390259,TMEM115,17993
chr3,50435804,50436055,5S_rRNA,3714
chr3,50436057,50436702,5S_rRNA,4164
chr3,50436818,50437666,5S_rRNA,5027
chr3,50456964,50458052,5S_rRNA,25293
chr3,52255175,52255525,PPM1M,125
chr3,52255527,52255903,PPM1M,490
chr3,52441821,52442516,SEMA3G,11914
chr3,52784471,52785272,ITIH1,1776
chr3,53031786,53032830,SFMBT1,22801
chr3,53100291,53100818,AC096887.2,1126
chr3,53106849,53107684,AC096887.2,7838
chr3,53154452,53154959,RFT1,15197
chr3,53279290,53279875,AC097015.2-1,12776
chr3,53528314,53529092,CACNA1D,24588
chr3,53855123,53855943,IL17RB,83
chr3,57038694,57039201,ARHGEF3,5269
chr3,57039203,57039733,ARHGEF3,4748
chr3,57048344,57048602,ARHGEF3,4257
chr3,57048604,57048953,ARHGEF3,4562
chr3,57050426,57050972,ARHGEF3,6483
chr3,57050974,57051014,ARHGEF3,6778
chr3,57051016,57051481,ARHGEF3,7032
chr3,57154712,57155430,IL17RD,24302
chr3,57516722,57517351,PDE12,7
chr3,58000850,58001595,AC114399.2,26622
chr3,58002311,58002796,AC114399.2,27953
chr3,58012995,58013468,AC114399.2,38631
chr3,58013470,58013670,AC114399.2,38970
chr3,58310903,58311963,PXK,17777
chr3,58349584,58350042,PDHB,44780
chr3,58432176,58432657,KCTD6,20464
chr3,61093147,61093637,5S_rRNA,49716
chr3,62834357,62834585,CADPS,1622
chr3,62834587,62834704,CADPS,1448
chr3,62834706,62835104,CADPS,1188
chr3,62877973,62878110,CADPS,41948
chr3,63954337,63954788,PSMD6,29988
chr3,63991518,63992079,PSMD6,7248
chr3,64000475,64001344,PSMD6,16359
chr3,64452286,64452626,U6,20014
chr3,65886025,65886493,AC106827.2-1,15821
chr3,65913744,65914701,AC106827.2-1,12142
chr3,65924699,65925553,AC106827.2-1,23046
chr3,66608548,66609283,LRIG1,25125
chr3,66610306,66610892,LRIG1,23441
chr3,66616458,66616877,LRIG1,17373
chr3,67757995,67758993,SUCLG2,29233
chr3,69871423,69871966,MITF,419
chr3,72401947,72402397,AC112219.2,7904
chr3,72714218,72714503,U1,5829
chr3,72714505,72714818,U1,6130
chr3,72833916,72834891,AC097369.2-1,10752
chr3,72836345,72837100,AC097369.2-1,13071
chr3,79735017,79735705,ROBO1,13611
chr3,81941089,81941852,GBE1,47469
chr3,87499690,87500196,AC130885.3,35972
chr3,88109991,88110931,HTR1F,12074
chr3,97394258,97395352,AC108739.8,26370
chr3,100120572,100121713,U6,11150
chr3,101018809,101019372,C3orf26,423
chr3,101019374,101019570,C3orf26,41
chr3,101305366,101306082,FILIP1L,10322
chr3,101316193,101316684,FILIP1L,392
chr3,101325712,101326383,FILIP1L,10001
chr3,101327158,101327645,FILIP1L,11355
chr3,102979007,102979438,FAM55C,1541
chr3,110162600,110163602,GUCA1C,7792
chr3,116783168,116783975,GAP43,41289
chr3,116813060,116813872,GAP43,11394
chr3,117053444,117054544,AC012598.16-1,14588
chr3,118172912,118173531,U5,6458
chr3,120897113,120897818,C3orf15,7093
chr3,121550884,121551843,LRRC58,488
chr3,124234805,124235556,SEMA5B,5915
chr3,124355816,124356433,SEC22A,47340
chr3,124356444,124356972,SEC22A,46756
chr3,124359475,124359869,SEC22A,43792
chr3,124668221,124669154,ADCY5,18606
chr3,124807267,124807761,PTPLB,20899
chr3,124807763,124808215,PTPLB,21374
chr3,124823398,124823917,PTPLB,37042
chr3,125901290,125902173,UMPS,30171
chr3,125978510,125978921,UMPS,46813
chr3,126122067,126122999,MUC13,13736
chr3,126263830,126264284,AC117488.11,4086
chr3,126264305,126264687,AC117488.11,4525
chr3,126264689,126265245,AC117488.11,4996
chr3,127126217,127126744,AC092903.11-1,8318
chr3,127262342,127262901,SLC41A3,23202
chr3,127387545,127388550,ALDH1L1,5329
chr3,127413203,127413964,ALDH1L1,30865
chr3,128205755,128206272,PLXNA1,15887
chr3,128408926,128409444,Y_RNA,5180
chr3,128410104,128410668,Y_RNA,6381
chr3,128410949,128411502,Y_RNA,7220
chr3,128745678,128746209,GPR175,46358
chr3,129223164,129223885,SEC61A1,30377
chr3,129285897,129286529,U2,9432
chr3,129584897,129585611,hsa-mir-1280,21557
chr3,129755480,129756049,C3orf27,21854
chr3,129761086,129761462,C3orf27,16344
chr3,130570568,130571035,SNORA7,28079
chr3,130709197,130709608,RHO,20769
chr3,130768767,130769417,AC023162.41-1,23789
chr3,130772261,130772662,AC023162.41-1,20420
chr3,130778397,130778967,AC023162.41-1,14199
chr3,131010236,131011074,Y_RNA,9809
chr3,131110060,131110641,TMCC1,28352
chr3,131172922,131173444,TRH,3069
chr3,132571514,132571782,AC010210.24,8195
chr3,132571784,132572120,AC010210.24,8499
chr3,134220528,134221289,TMEM108,19034
chr3,134650066,134650883,AC022296.34-2,36993
chr3,134658486,134659153,AC022296.34-2,28648
chr3,135240937,135241536,SLCO2A1,9798
chr3,135241538,135242349,SLCO2A1,10505
chr3,135515494,135516015,RPL39P5,42338
chr3,135529085,135529839,RPL39P5,28630
chr3,135576658,135576997,AMOTL2,732
chr3,137450741,137451176,PCCB,898
chr3,139388536,139389345,ARMC8,103
chr3,139646950,139647738,FAM62C,11236
chr3,140515327,140516292,MRPS22,29741
chr3,140837235,140837930,AC046134.8-1,26113
chr3,142113457,142113889,SLC25A36,29745
chr3,142142992,142143451,SLC25A36,197
chr3,142182203,142182788,SLC25A36,39077
chr3,144177956,144178786,PAQR9,13504
chr3,145657434,145658260,AC011592.5,12312
chr3,147316199,147316630,PLOD2,45557
chr3,147361117,147361496,PLOD2,665
chr3,149276689,149277301,AC092958.4,4314
chr3,149322353,149322996,AC092958.4,41365
chr3,150063637,150064197,CPA3,1853
chr3,150329553,150330210,HPS3,179
chr3,150707521,150708001,TM4SF4,33311
chr3,150708163,150708659,TM4SF4,33961
chr3,151437841,151438504,U2,4081
chr3,151438834,151439367,U2,3153
chr3,151441300,151441800,U2,703
chr3,151569218,151569989,TSC22D2,39208
chr3,151923255,151923914,C3orf44,19153
chr3,151937550,151938375,SIAH2,25990
chr3,151938932,151939274,SIAH2,24849
chr3,151956990,151957258,SIAH2,6828
chr3,151957272,151957306,SIAH2,6663
chr3,151957308,151957564,SIAH2,6516
chr3,151957566,151957883,SIAH2,6228
chr3,151958328,151958824,SIAH2,5376
chr3,151964284,151964625,SIAH2,502
chr3,151974052,151974742,SIAH2,10445
chr3,152167936,152168730,USH3A,5142
chr3,156884569,156885358,PLCH1,8442
chr3,157735512,157736293,SSR3,19726
chr3,157742870,157743299,SSR3,12544
chr3,157743301,157743656,SSR3,12150
chr3,157837921,157838695,TIPARP,36764
chr3,157874598,157875016,TIPARP,265
chr3,158017446,158017708,AC106708.7-1,6363
chr3,158017710,158018432,AC106708.7-1,6857
chr3,161141961,161142811,IL12A,46936
chr3,161402337,161402690,AC112641.3,23809
chr3,162301385,162301844,B3GALNT1,4239
chr3,162539716,162540811,C3orf57,32178
chr3,162621290,162621766,RPL23AP44,8550
chr3,162622781,162623232,RPL23AP44,7072
chr3,165502386,165503074,hsa-mir-720,39092
chr3,165580279,165581176,hsa-mir-720,38905
chr3,168929166,168929849,PDCD10,5837
chr3,170710860,170711776,AC074033.18,26817
chr3,171062159,171062868,LRRC31,7842
chr3,171149412,171149915,SEC62,17610
chr3,171249875,171250305,U4,7692
chr3,171520696,171521374,SKIL,39142
chr3,171521376,171521723,SKIL,38628
chr3,171544244,171545230,SKIL,15440
chr3,171549395,171550190,SKIL,10385
chr3,171557541,171557852,SKIL,2481
chr3,172329551,172329994,hsa-mir-569,22531
chr3,173414465,173414929,SRP_euk_arch,23112
chr3,175615283,175616072,AC069218.13,37950
chr3,176327452,176327864,NAALADL2,30398
chr3,176886181,176886733,UBE2V1P2,32692
chr3,185026982,185027682,MAP6D1,1274
chr3,185046103,185046867,MAP6D1,20427
chr3,185218711,185219156,ABCC5,513
chr3,185798368,185798791,EPHB3,36299
chr3,185798793,185799120,EPHB3,36676
chr3,185958740,185959920,MAGEF1,47028
chr3,186406299,186407101,EHHADH,47830
chr3,186411833,186412458,EHHADH,42385
chr3,186756459,186757291,LIPH,3813
chr3,187822672,187823394,AHSG,9490
chr3,187960876,187961519,U6,11232
chr3,187972960,187973637,U6,869
chr3,187973639,187973799,U6,1290
chr3,188071117,188071420,ADIPOQ,28112
chr3,188936282,188936591,BCL6,9732
chr3,188936593,188936899,BCL6,9422
chr3,189376239,189376910,AC022498.18,3062
chr3,190327684,190328467,TPRG1,44381
chr3,190373942,190374670,TPRG1,1850
chr3,190391698,190392460,TPRG1,19623
chr3,191043089,191044039,hsa-mir-944,13160
chr3,192437844,192438636,OSTN,25225
chr3,192649733,192650625,PYDC2,11466
chr3,194117921,194118223,C3orf59,571
chr3,194803948,194804653,OPA1,10594
chr3,194912453,194913170,AC069421.9,28357
chr3,195200552,195201208,AC024559.15,3261
chr3,195359375,195360019,AC080129.26-2,5237
chr3,195516043,195516481,AC117469.3,2979
chr3,195545012,195545553,CPN2,8067
chr3,195696223,195696879,AC108676.8,6840
chr3,195700004,195700426,AC108676.8,3176
chr3,195772783,195773440,AC046143.20-1,37514
chr3,195884762,195884980,FAM43A,3039
chr3,195887811,195888151,FAM43A,71
chr3,195926277,195926824,FAM43A,38640
chr3,196307452,196307691,AC106705.7-1,41449
chr3,196324651,196325211,AC106705.7-1,24089
chr3,196387458,196387983,U6,29084
chr3,196810127,196810656,APOD,18114
chr3,196930930,196931829,MUC20,2044
chr3,197122639,197123200,TNK2,2643
chr3,197125871,197126396,TNK2,5857
chr3,197498262,197499067,PCYT1A,316
chr3,197499069,197499079,PCYT1A,94
chr3,197499081,197499470,PCYT1A,295
chr3,197554499,197555224,U6,1879
chr3,197634484,197634830,UBXN7,9084
chr3,197871706,197872284,LRRC33,20950
chr3,198216844,198217366,MFI2,23977
chr3,198743693,198744140,BDH1,40674
chr3,198803203,198803717,BDH1,18870
chr4,42654,43232,ZNF595,283
chr4,43234,43313,ZNF595,47
chr4,43315,43476,ZNF718,38
chr4,48963,49322,ZNF718,5785
chr4,601387,601929,PDE6B,7714
chr4,772787,773186,CPLX1,36958
chr4,976327,976900,SLC26A1,610
chr4,977645,977716,SLC26A1,457
chr4,977718,978314,SLC26A1,793
chr4,981607,982157,SLC26A1,4659
chr4,1227889,1228381,CTBP1,4772
chr4,1784704,1785440,FGFR3,20241
chr4,1797490,1797994,LETM1,30029
chr4,1842193,1842514,WHSC1,567
chr4,1953511,1954535,hsa-mir-943,3978
chr4,2244588,2245329,AL158068.18-2,11338
chr4,2334340,2334985,SRP_euk_arch,46632
chr4,2335146,2335440,SRP_euk_arch,47263
chr4,2335442,2335919,SRP_euk_arch,47650
chr4,2390809,2391438,AL645924.13-2,625
chr4,2391440,2391462,AL645924.13-2,953
chr4,2391464,2391942,AL645924.13-2,1205
chr4,2393890,2394547,AL645924.13-2,3720
chr4,2486876,2487468,AL645924.13-1,9996
chr4,2722002,2722665,TNIP2,5557
chr4,2858691,2859077,ADD1,43503
chr4,2908601,2909122,TETRAN,2549
chr4,3082690,3083783,HTT,37031
chr4,3432690,3432961,DOK7,2005
chr4,3432963,3432990,DOK7,1854
chr4,3432992,3433328,DOK7,1670
chr4,3434693,3435177,DOK7,105
chr4,3438367,3439011,DOK7,3859
chr4,3456226,3456698,DOK7,21632
chr4,3456700,3456821,DOK7,21930
chr4,3527142,3527709,AL121796.17,20968
chr4,3783943,3784695,ADRA2C,46226
chr4,4007567,4007851,AC143342.3,354
chr4,4448961,4449270,AC110814.2,48348
chr4,4549553,4550320,STX18,44739
chr4,5020653,5021649,7SK,47460
chr4,5472551,5473035,7SK,38715
chr4,6032642,6033143,AC105915.4,9382
chr4,6332869,6333465,WFS1,10690
chr4,6685822,6686336,MRFAP1,6639
chr4,6740478,6741433,S100P,5511
chr4,6748358,6748786,S100P,2106
chr4,6756532,6757167,MRFAP1L1,5655
chr4,6799380,6799836,CNO,30866
chr4,6803578,6804121,KIAA0232,31510
chr4,6804273,6804972,KIAA0232,30737
chr4,6807834,6808515,KIAA0232,27185
chr4,6825085,6825722,KIAA0232,9956
chr4,6969146,6969976,TBC1D14,7089
chr4,6970304,6970706,TBC1D14,8033
chr4,7119666,7120307,GRPEL1,714
chr4,7585990,7586371,AC116316.4,48906
chr4,7586373,7586691,AC116316.4,48554
chr4,8062740,8063242,hsa-mir-95,4984
chr4,8181130,8181605,ABLIM2,30013
chr4,8253800,8254289,SH3TC1,2085
chr4,8284748,8285283,SH3TC1,33056
chr4,8295670,8296294,HTRA3,26409
chr4,8312765,8313357,HTRA3,9330
chr4,8315132,8315925,HTRA3,6863
chr4,8315927,8316527,HTRA3,6164
chr4,8335041,8335573,HTRA3,12916
chr4,8368439,8368896,HTRA3,46276
chr4,9309935,9310277,AC105916.4,6527
chr4,15277277,15277862,FBXL5,11459
chr4,15573467,15574202,FGFBP2,122
chr4,15612245,15612867,AC005598.6,6951
chr4,15612906,15614018,AC005598.6,6045
chr4,17100485,17100914,QDPR,22111
chr4,17101410,17101911,QDPR,21150
chr4,24093005,24093551,hsa-mir-573,37732
chr4,24096425,24096704,hsa-mir-573,34446
chr4,24096706,24097045,hsa-mir-573,34135
chr4,25217120,25218224,AC092436.5-1,16382
chr4,25965012,25965939,RBPSUH,35046
chr4,26349559,26350396,SNORD74,36949
chr4,26779253,26779759,AC024132.7-1,49617
chr4,26779792,26780129,AC024132.7-1,49163
chr4,27231714,27232442,AC097380.2,13011
chr4,37158618,37159491,C4orf19,27062
chr4,37569624,37570293,TBC1D1,844
chr4,38140220,38141483,AC096739.3,45173
chr4,38201138,38201771,AC096739.3,15430
chr4,39124597,39125218,RPL9,12031
chr4,39217673,39218087,UGDH,12275
chr4,39385158,39385985,UBE2K,9367
chr4,40059958,40060185,CHRNA9,27846
chr4,40060187,40061069,CHRNA9,28403
chr4,40154153,40154572,AC098869.3,6127
chr4,40367406,40367948,RBM47,41038
chr4,40958966,40959670,UCHL1,5634
chr4,47744590,47745437,NPAL1,31466
chr4,47810643,47811264,AC079118.5-1,4768
chr4,48527799,48528040,OCIAD1,148
chr4,48877925,48878648,AC118282.4-2,15690
chr4,52619214,52619759,SPATA18,7137
chr4,53352749,53353374,Y_RNA,5601
chr4,55225153,55225601,KIT,6526
chr4,55907835,55908431,SRD5A2L,968
chr4,56488112,56488893,AC110611.3-2,2402
chr4,56507810,56508488,CEP135,1644
chr4,56800066,56800950,AC022267.8,48997
chr4,57037987,57038564,SRP72,9757
chr4,57319930,57320751,AC022483.7-1,2067
chr4,57422167,57423030,SPINK2,39945
chr4,57508594,57509510,POLR2B,29612
chr4,63355370,63355769,AC108048.6,9569
chr4,68260447,68260959,AC079880.6-1,4997
chr4,68470829,68471849,TMPRSS11D,39029
chr4,68476674,68477771,TMPRSS11A,34516
chr4,68477955,68478939,TMPRSS11A,33291
chr4,75559496,75560062,AREG,30065
chr4,75723993,75724865,AREGB,24567
chr4,77703507,77704320,U6,31410
chr4,77709311,77709896,U6,37100
chr4,77710159,77710928,U6,38040
chr4,77712425,77713118,U6,40268
chr4,79020848,79021363,MRPL1,18408
chr4,79358176,79358676,AC093897.3,29913
chr4,79358678,79358909,AC093897.3,30280
chr4,79358911,79359435,AC093897.3,30660
chr4,79691988,79692385,ANXA3,421
chr4,81425237,81425684,FGF5,18695
chr4,82601658,82602433,RASGEF1B,10039
chr4,84031348,84032019,AC021105.13-1,7501
chr4,84232962,84234056,PLAC8,21425
chr4,84488975,84489776,HPSE,14046
chr4,84724659,84725308,AGPAT9,48736
chr4,84797524,84798069,Y_RNA,21330
chr4,85722602,85723174,CDS1,192
chr4,88074784,88075258,AC093827.3,15236
chr4,88820118,88820733,DMP1,29943
chr4,89299113,89299668,ABCG2,356
chr4,89317777,89318530,ABCG2,19119
chr4,89382345,89382834,U6,15685
chr4,89382871,89383420,U6,16241
chr4,89475057,89475641,Y_RNA,4896
chr4,89551754,89552184,HERC6,33055
chr4,89597324,89597889,HERC5,316
chr4,89654969,89655647,PIG-Y,8669
chr4,95612651,95613093,PDLIM5,20812
chr4,95613095,95613553,PDLIM5,21264
chr4,99645715,99646408,AC108159.5,6220
chr4,99654339,99655259,AC108159.5,14958
chr4,99748454,99749331,TSPAN5,49857
chr4,99758097,99758653,TSPAN5,40374
chr4,99801914,99802552,TSPAN5,3484
chr4,99828546,99829109,TSPAN5,30078
chr4,106257339,106258038,TET2,28792
chr4,109855363,109856019,AGXT2L1,47966
chr4,111744914,111745552,PITX2,37377
chr4,111749558,111750198,PITX2,32732
chr4,113423955,113424371,TIFA,2344
chr4,114535205,114536082,SRP_euk_arch,24801
chr4,119963481,119964132,SEC24D,12895
chr4,120024291,120024886,SYNPO2,4855
chr4,123138234,123139413,TRPC3,46539
chr4,129945297,129945977,PHF17,4591
chr4,140701277,140701826,SETD7,4179
chr4,140806354,140806753,MGST2,182
chr4,140817548,140818200,7SK,8156
chr4,140821765,140822345,7SK,3975
chr4,140982525,140983311,AC097464.3,47882
chr4,140989925,140990386,MAML3,41424
chr4,140991644,140992252,MAML3,39631
chr4,141390741,141391355,SCOC,6841
chr4,141393110,141393545,SCOC,4562
chr4,141393547,141393982,SCOC,4125
chr4,141400845,141401532,SCOC,3299
chr4,141861399,141861976,Y_RNA,20142
chr4,143615119,143615345,INPP4B,11902
chr4,147076051,147076771,ZNF827,2645
chr4,147077333,147077654,ZNF827,1563
chr4,150967941,150968810,AC096756.3-1,20144
chr4,150999617,151000411,AC096756.3-1,11495
chr4,152420188,152420840,AC104819.4,2740
chr4,152743724,152744524,AC097455.3-1,26757
chr4,153832287,153832738,TMEM154,11872
chr4,153832740,153833141,TMEM154,12300
chr4,153848547,153848944,TMEM154,28105
chr4,153862733,153863420,TMEM154,42436
chr4,153866867,153867439,TMEM154,46513
chr4,154069577,154070124,AC099339.6,1819
chr4,154076734,154077147,FHDC1,6644
chr4,154387044,154388112,Y_RNA,20033
chr4,159945945,159946759,U6,11055
chr4,160369592,160370557,RAPGEF2,38373
chr4,160682316,160682922,AC105423.4-2,34560
chr4,164526028,164526722,NPY5R,41835
chr4,164589109,164589590,TKTL2,24986
chr4,164612289,164613025,TKTL2,1678
chr4,168092437,168093499,5S_rRNA,16765
chr4,169645088,169645565,DDX60L,7114
chr4,169645602,169646112,DDX60L,7645
chr4,169658634,169659247,PALLD,4149
chr4,169659249,169659282,PALLD,4474
chr4,169659284,169659333,PALLD,4517
chr4,169659335,169659430,PALLD,4591
chr4,169659432,169659944,PALLD,4897
chr4,169832717,169833417,U6,11374
chr4,169834910,169835415,U6,9279
chr4,169837514,169838011,U6,6679
chr4,169849139,169849813,U6,5035
chr4,169849815,169850511,U6,5722
chr4,170077236,170077841,U6,34458
chr4,170077843,170078208,U6,34945
chr4,174120770,174121496,AC131952.1,32354
chr4,174327542,174328231,GALNT7,1408
chr4,174367272,174367691,AC105285.3-3,31749
chr4,184481299,184482103,AC093844.3-4,1129
chr4,184507029,184507694,AC093844.3-2,19917
chr4,185783936,185784486,CASP3,23411
chr4,185789915,185790672,CASP3,17329
chr4,186668768,186669727,PDLIM3,24402
chr4,186671707,186671970,PDLIM3,21811
chr4,186671972,186672436,PDLIM3,21445
chr4,186718594,186719148,PDLIM3,25222
chr4,186719253,186719689,PDLIM3,25822
chr4,187921061,187921799,FAT1,39450
chr4,191028359,191029339,AF250324.1-1,23019
chr5,283624,284615,SDHA,12681
chr5,289131,289993,SDHA,18124
chr5,354747,355169,PDCD6,30223
chr5,355232,355276,PDCD6,30519
chr5,355278,355563,PDCD6,30685
chr5,355565,355654,PDCD6,30874
chr5,355656,355861,PDCD6,31023
chr5,355863,356086,PDCD6,31239
chr5,356088,356589,PDCD6,31603
chr5,363670,364307,PDCD6,39253
chr5,482878,483319,AC010442.7-2,12838
chr5,484045,484604,AC010442.7-2,11612
chr5,558753,559480,SLC9A3,18330
chr5,585547,586194,SLC9A3,8424
chr5,727444,727944,TPPP,18815
chr5,917827,918373,ZDHHC11,14000
chr5,972614,973040,TRIP13,26824
chr5,1012061,1012586,AC116351.2-1,31890
chr5,1063302,1063768,NKD2,1459
chr5,1269678,1270383,SLC6A18,8439
chr5,1406423,1407037,CLPTM1L,8732
chr5,1569338,1569935,AYTL2,7439
chr5,1590216,1590711,AYTL2,13388
chr5,1715130,1715894,AC026412.4,28408
chr5,1715896,1716872,AC026412.4,29280
chr5,1823656,1824056,MRPL36,29089
chr5,2855544,2856237,AC116359.2,14245
chr5,6449652,6450566,MED10,18471
chr5,6549051,6549485,AC093307.5,47181
chr5,6744049,6744849,POLS,23268
chr5,6759128,6759592,POLS,8357
chr5,6795991,6796507,POLS,28532
chr5,10341945,10342004,Y_RNA,3285
chr5,10342006,10342416,Y_RNA,3048
chr5,14615524,14616026,FAM105A,19156
chr5,14917463,14918001,ANKH,7143
chr5,16641424,16641983,FAM134B,28414
chr5,16641990,16642502,FAM134B,27871
chr5,16643202,16643651,FAM134B,26691
chr5,16679812,16680440,Y_RNA,3923
chr5,16681509,16682161,Y_RNA,5632
chr5,17144542,17145403,Y_RNA,25822
chr5,17265948,17266549,AC026790.5-2,4259
chr5,17358791,17359333,AC026785.4-1,429
chr5,17359335,17359390,AC026785.4-1,129
chr5,17359392,17359435,AC026785.4-1,78
chr5,17359437,17359765,AC026785.4-1,110
chr5,21526816,21527651,AC138951.2-3,45
chr5,31821103,31821649,PDZD2,13411
chr5,32180559,32180978,AC025178.8-1,4086
chr5,32285251,32285893,AC025181.8-2,11059
chr5,32365632,32366138,MTMR12,17015
chr5,32367192,32367493,MTMR12,18472
chr5,32599340,32600148,SUB1,21689
chr5,33244853,33245375,AC022443.5,47073
chr5,33245377,33246059,AC022443.5,47677
chr5,34218680,34219273,AC138409.1-2,6918
chr5,34558598,34559020,AC114302.3,3353
chr5,34687672,34688292,RAI14,4292
chr5,35009129,35009914,DNAJA5,44067
chr5,35241607,35242159,PRLR,24450
chr5,35303298,35304000,PRLR,37316
chr5,35311066,35311434,PRLR,44917
chr5,36076898,36077596,UGT3A2,25493
chr5,38852016,38852521,AC091435.3-1,3516
chr5,38867067,38867697,AC091435.3-2,9836
chr5,39136995,39137508,AC026713.5,26992
chr5,39406198,39407009,C9,6192
chr5,43100677,43101304,C5orf39,21962
chr5,43452420,43453037,CCL28,4484
chr5,43505587,43506017,C5orf28,13915
chr5,43506285,43506867,C5orf28,13141
chr5,52420838,52421313,MOCS2,20260
chr5,52421749,52422519,MOCS2,19201
chr5,52808238,52809470,FST,3319
chr5,52811524,52812066,FST,378
chr5,52813891,52814652,FST,2098
chr5,54153163,54153679,AC112198.2,31111
chr5,54153681,54154134,AC112198.2,30625
chr5,55293205,55294008,AC016596.6,38599
chr5,55344914,55345690,AC016596.6,13097
chr5,55361383,55361865,AC016596.6,29419
chr5,55361867,55361907,AC016596.6,29682
chr5,55811673,55812258,AC022431.1,24690
chr5,56833116,56833769,ACTBL2,19152
chr5,57425376,57426144,AC094101.3,23989
chr5,57426577,57427769,AC094101.3,25402
chr5,59672636,59673291,U6,37229
chr5,60004609,60005177,DEPDC1B,26824
chr5,60510286,60510913,C5orf43,16541
chr5,60665215,60665754,FAM133B,41185
chr5,60952512,60953097,U6,43022
chr5,65924245,65924665,MAST4,3476
chr5,66363090,66363745,AC008872.6,44300
chr5,66546648,66547145,CD180,18529
chr5,66547310,66547822,CD180,19199
chr5,66566081,66566710,CD180,38028
chr5,66566712,66566961,CD180,38469
chr5,66567282,66567996,CD180,39272
chr5,66568261,66568951,CD180,40239
chr5,69790857,69791465,AC146944.1-1,41322
chr5,70962578,70963386,MCCC2,44073
chr5,71011585,71012698,CARTPT,38608
chr5,71080048,71080753,CARTPT,29651
chr5,72769314,72769733,FOXD1,10419
chr5,72845149,72845918,AC099522.3,5164
chr5,72961875,72962106,AC093283.3-1,4252
chr5,72962108,72962550,AC093283.3-1,4591
chr5,73686643,73687365,SRP_euk_arch,37438
chr5,76499783,76500283,AC008581.11,30486
chr5,77087701,77088302,TBCA,19939
chr5,77089122,77089855,TBCA,18452
chr5,77106860,77107486,TBCA,767
chr5,77155267,77155803,AC035147.4,39069
chr5,77969911,77970571,LHFPL2,10162
chr5,78821227,78822072,RPL29P15,20363
chr5,79406672,79407408,THBS4,40182
chr5,79409650,79410042,THBS4,42988
chr5,81261095,81261843,AC026726.7,37404
chr5,81310038,81310957,ATG10,6868
chr5,81311710,81312354,ATG10,8403
chr5,81739518,81740390,AC026698.6,25435
chr5,82804530,82805123,CSPG2,1488
chr5,90670130,90670749,ARRDC3,44437
chr5,93721844,93722508,AC104127.2,35524
chr5,95059630,95060360,SPATA9,15540
chr5,95073928,95074623,RHOBTB3,18330
chr5,95089181,95089932,RHOBTB3,3049
chr5,95089934,95090627,RHOBTB3,2325
chr5,95120459,95121081,RHOBTB3,28165
chr5,95203215,95203906,GLRX,19363
chr5,97012877,97013739,AC112203.2-1,25556
chr5,100118349,100118996,7SK,22012
chr5,102370210,102371065,AC010250.7,25341
chr5,102420722,102421699,AC010250.7,25232
chr5,102622959,102623327,C5orf30,803
chr5,111044132,111044743,AC022108.4,39219
chr5,112294936,112295802,REEP5,9440
chr5,114729923,114730025,AC091981.4,25473
chr5,114730027,114730284,AC091981.4,25292
chr5,118638026,118638785,SRP_euk_arch,31819
chr5,118928334,118928991,AC010409.6-1,17454
chr5,121440072,121440628,LOX,1502
chr5,121706904,121707678,SNCAIP,31573
chr5,122212528,122213440,SNX24,3815
chr5,122216248,122216888,SNX24,7399
chr5,122232799,122233567,SNX24,24014
chr5,122487318,122488200,PRDM6,35045
chr5,126880494,126881274,PRRC1,353
chr5,128462186,128462571,ISOC1,4038
chr5,130997305,130998067,RAPGEF6,1141
chr5,131618005,131618777,PDLIM4,2894
chr5,131641433,131641943,AC034220.5,2865
chr5,131734718,131735229,SLC22A5,1631
chr5,131739887,131740482,SLC22A5,6842
chr5,131744349,131744994,SLC22A5,11329
chr5,131790840,131791419,AC116366.4,16903
chr5,132201417,132202132,SHROOM1,7286
chr5,132327365,132327818,AFF4,339
chr5,132335745,132336234,AFF4,8737
chr5,132413158,132413696,HSPA4,2133
chr5,133383863,133384187,VDAC1,15303
chr5,133384189,133384694,VDAC1,15719
chr5,133400735,133401265,VDAC1,32278
chr5,133461897,133462766,TCF7,15969
chr5,133829946,133830492,U6,33654
chr5,134268955,134269352,PCBD2,445
chr5,134390178,134390689,PITX1,7378
chr5,134410368,134410750,PITX1,12748
chr5,134410990,134411782,PITX1,13575
chr5,134773948,134774241,H2AFY,10619
chr5,134774243,134774409,H2AFY,10851
chr5,134783687,134784357,H2AFY,20547
chr5,137046752,137047158,hsa-mir-874,35719
chr5,137047160,137047665,hsa-mir-874,36176
chr5,137172445,137172914,NPY6R,1319
chr5,137178875,137179195,NPY6R,7675
chr5,137179197,137179989,NPY6R,8233
chr5,137196835,137197669,NPY6R,25892
chr5,137230546,137231152,MYOT,609
chr5,137252133,137252782,PKD2L2,566
chr5,137257278,137257973,PKD2L2,4602
chr5,137833577,137833799,EGR1,4609
chr5,137833966,137834193,EGR1,5000
chr5,138088221,138088740,CTNNA1,28525
chr5,138511617,138512460,SIL1,49925
chr5,138818558,138819192,U5,7381
chr5,138852027,138852612,TMEM173,9844
chr5,138852614,138853187,TMEM173,10425
chr5,139003209,139003661,CXXC5,4694
chr5,139003954,139004405,CXXC5,3950
chr5,139017802,139018476,CXXC5,10010
chr5,139020550,139021053,CXXC5,12672
chr5,139168924,139169454,PSD2,13600
chr5,140884649,140884998,AC008781.7,45757
chr5,141032618,141033350,ARAP3,8999
chr5,141190605,141191239,PCDH1,47228
chr5,141192869,141193283,PCDH1,45074
chr5,141238982,141239453,PCDH1,1067
chr5,141323851,141324485,RNF14,2452
chr5,141329763,141330536,RNF14,3529
chr5,141639942,141640442,SPRY4,44557
chr5,141640641,141641318,SPRY4,43770
chr5,141641320,141641724,SPRY4,43227
chr5,141655789,141656261,SPRY4,28724
chr5,141686280,141686689,SPRY4,1735
chr5,141871325,141871695,AC005215.2,22583
chr5,141871697,141872278,AC005215.2,22106
chr5,142073232,142073681,FGF1,15656
chr5,143183690,143184484,HMHB1,12169
chr5,143187730,143188513,HMHB1,16203
chr5,145272355,145273117,SH3RF2,23598
chr5,145305471,145306009,SH3RF2,9406
chr5,145306011,145306317,SH3RF2,9830
chr5,147555914,147556608,SPINK6,6335
chr5,147620952,147621348,AC011346.5,7465
chr5,147665688,147666259,SPINK7,6209
chr5,147758149,147758483,FBXO38,14578
chr5,148509883,148510297,ABLIM3,8844
chr5,148544049,148544523,ABLIM3,43040
chr5,148741932,148742364,IL17B,3118
chr5,148747646,148748216,IL17B,8901
chr5,148992051,148992558,AC116360.3-1,25808
chr5,149039796,149040410,AC022100.7-1,15611
chr5,149041907,149042573,AC022100.7-1,13474
chr5,149264083,149264817,Y_RNA,35436
chr5,149621587,149622207,CAMK2A,28149
chr5,149710021,149710813,TCOF1,7010
chr5,149859380,149859817,NDST1,21024
chr5,150408095,150408938,GPX3,28108
chr5,150438268,150438924,TNIP1,2593
chr5,150575084,150575816,CCDC69,8396
chr5,153760519,153761086,AC008625.5-1,9208
chr5,153761088,153761477,AC008625.5-1,9688
chr5,154060980,154061355,AC008379.7-1,3884
chr5,154115828,154116422,AC008379.7-2,37684
chr5,154189669,154190437,C5orf4,20352
chr5,154202597,154203489,C5orf4,7362
chr5,154204346,154204921,C5orf4,5772
chr5,154383938,154384573,AC008410.6,211
chr5,154428297,154429150,AC008410.6,44257
chr5,156686293,156686607,C5orf40,18856
chr5,157039167,157039924,C5orf52,8689
chr5,157104423,157105119,LSM11,1435
chr5,157272395,157273027,AC008677.5-1,18416
chr5,159309161,159309701,ADRA1B,33114
chr5,159324627,159325052,Y_RNA,43190
chr5,159526591,159527452,FABP6,19930
chr5,159529356,159529891,FABP6,17328
chr5,159542357,159543058,FABP6,4244
chr5,159602230,159602789,AC112191.2,48909
chr5,159646521,159646997,AC112191.2,4659
chr5,159647157,159647759,AC112191.2,3960
chr5,167656296,167657350,WWC1,5154
chr5,167666693,167667137,WWC1,15246
chr5,167677279,167677685,WWC1,25813
chr5,167677687,167678055,WWC1,26202
chr5,167684348,167684924,WWC1,32967
chr5,167707407,167707987,AC026689.6,41592
chr5,167711379,167712212,AC026689.6,37494
chr5,167712797,167713263,AC026689.6,36259
chr5,168582143,168582865,AC112165.2,37122
chr5,169667187,169667710,AC034199.6-2,4849
chr5,170106401,170106962,GABRP,35593
chr5,170109417,170109856,GABRP,32638
chr5,171106322,171106836,C5orf50,38901
chr5,171369043,171369831,FBXW11,2956
chr5,171369833,171370010,FBXW11,3440
chr5,171595139,171595795,SNORA57,16619
chr5,171929972,171930475,AC027309.3,38817
chr5,171954034,171954465,AC027309.3,14791
chr5,172048582,172048952,NEURL1B,47887
chr5,172224211,172225054,ERGIC1,30705
chr5,172279443,172279989,AC008429.6-2,39269
chr5,172292067,172292367,AC008429.6-2,26768
chr5,172315266,172316012,AC008429.6-2,3346
chr5,172561514,172561963,AC008412.8-1,1899
chr5,172561965,172562692,AC008412.8-1,1309
chr5,172950727,172951094,FAM44B,25351
chr5,173445946,173446682,AC093310.1,40985
chr5,173842109,173842598,AC108104.2,30563
chr5,173851015,173851554,AC108104.2,21632
chr5,173851687,173852267,AC108104.2,20939
chr5,173892186,173892699,AC108104.2,19526
chr5,174374505,174375458,AC008413.7,19642
chr5,175138800,175138931,CPLX2,17350
chr5,175138933,175139260,CPLX2,17119
chr5,175775500,175775854,CLTB,468
chr5,175778004,175778492,CLTB,2103
chr5,175973388,175973900,GPRIN1,3908
chr5,176169193,176169471,UNC5A,833
chr5,176169473,176169801,UNC5A,528
chr5,176173994,176174876,UNC5A,4270
chr5,176206208,176206749,UNC5A,36313
chr5,176229373,176230036,HK3,29234
chr5,176346588,176347223,UIMC1,19452
chr5,176382974,176383850,ZNF346,1110
chr5,176426889,176427654,FGFR4,19249
chr5,176431513,176431831,FGFR4,14848
chr5,176661524,176661921,RAB24,1627
chr5,176663988,176664457,PRELID1,782
chr5,176749411,176749631,SLC34A1,5481
chr5,176749992,176750563,SLC34A1,6237
chr5,176839013,176839458,DBN1,5965
chr5,176876718,176877159,DDX41,366
chr5,177356062,177357338,PROP1,852
chr5,177359175,177359913,PROP1,3696
chr5,177435853,177435960,AC136632.3-2,20911
chr5,177435962,177436196,AC136632.3-2,21084
chr5,177440211,177440709,AC136632.3-2,25465
chr5,177441249,177441753,AC136632.3-2,26506
chr5,177473857,177474244,AC136632.3-3,889
chr5,177475824,177476004,AC136632.3-3,2753
chr5,177476925,177477284,AC136632.3-3,3943
chr5,177483884,177484277,RMND5B,6522
chr5,177484279,177484315,RMND5B,6305
chr5,177484317,177484419,RMND5B,6234
chr5,177484421,177484473,RMND5B,6155
chr5,177484475,177484727,RMND5B,6001
chr5,177505570,177506067,NHP2,7748
chr5,177556417,177557384,HNRNPAB,7213
chr5,177609723,177610475,AGXT2L2,17708
chr5,177778853,177779401,AC008659.5-1,41597
chr5,178002114,178002553,CLK4,15674
chr5,178198879,178199304,ZNF354B,20468
chr5,178336106,178336866,GRM6,18243
chr5,178401624,178402292,ZNF354C,18063
chr5,178428730,178429360,ZNF354C,9024
chr5,179444932,179445283,AC122713.2,1540
chr5,179688365,179688805,GFPT2,24345
chr5,179955224,179955753,SCGB3A1,4343
chr5,179961839,179962281,SCGB3A1,10915
chr5,180006603,180007351,FLT4,2228
chr6,324473,324939,IRF4,12053
chr6,562662,563218,HUS1B,39003
chr6,1471007,1471534,AL512329.17-2,3126
chr6,1522662,1523476,AL034344.24-1,18778
chr6,1554037,1554453,FOXC1,1434
chr6,1585548,1586042,AL034344.24-2,22792
chr6,2848497,2848946,SERPINB9,216
chr6,3171864,3172379,TUBB2B,748
chr6,3663482,3663877,C6orf145,33292
chr6,3693460,3694053,C6orf145,3215
chr6,3732656,3733428,RP11-420L9.2,33711
chr6,4342587,4343276,5S_rRNA,30264
chr6,4347089,4347343,5S_rRNA,25979
chr6,4347762,4348193,5S_rRNA,25218
chr6,4421205,4421640,5S_rRNA,48227
chr6,6693502,6694293,RP11-320C15.1,46736
chr6,7007691,7008081,RREB1,44942
chr6,7066754,7067515,AL355336.15-1,13917
chr6,7101588,7102172,Y_RNA,31037
chr6,7143204,7143934,Y_RNA,10652
chr6,7146427,7146756,Y_RNA,13674
chr6,7146758,7146832,Y_RNA,13878
chr6,7363311,7364228,RIOK1,28709
chr6,7364230,7364650,RIOK1,29380
chr6,7364652,7364775,RIOK1,29653
chr6,7506610,7507042,DSP,19958
chr6,7605396,7606253,RP3-336K20__B.2,40171
chr6,7625656,7626588,BMP6,45887
chr6,10356664,10357523,AL354868.10-1,26839
chr6,10424764,10425263,RP1-290I10.2,49787
chr6,10531481,10531862,TFAP2A,3889
chr6,10706248,10706982,RP11-360O19.5,23170
chr6,11154943,11155637,ELOVL2,2681
chr6,11161651,11162393,ELOVL2,9413
chr6,11175299,11176448,AL121955.20,11360
chr6,12396455,12397096,EDN1,1823
chr6,12432201,12433000,RP3-451B15.3,4930
chr6,12439511,12440125,RP3-451B15.3,12148
chr6,12440127,12440556,RP3-451B15.3,12671
chr6,12451999,12452639,RP3-451B15.3,24649
chr6,12491638,12492170,7SK,23094
chr6,12827101,12827872,PHACTR1,1668
chr6,12898245,12898854,AL354680.14,36657
chr6,13343495,13343984,U1,21473
chr6,13563799,13564624,AL591969.4,13430
chr6,13683064,13683447,SIRT5,444
chr6,13833874,13834462,RANBP9,14237
chr6,13855881,13856355,RANBP9,36187
chr6,14727711,14728356,U6,26711
chr6,15173760,15174527,RP1-190J20.2,38277
chr6,15198163,15198747,RP1-190J20.2,13965
chr6,15267634,15268261,AL050335.32-2,12572
chr6,15329718,15330959,JARID2,24167
chr6,15359495,15360040,JARID2,5262
chr6,15782758,15783488,DTNBP1,11874
chr6,16238896,16239262,MYLIP,1784
chr6,16270942,16271835,RP1-13D10.3,583
chr6,16276535,16277162,RP1-13D10.4,2967
chr6,17420041,17420588,RBM24,30523
chr6,17501251,17501706,CAP2,236
chr6,17501968,17502873,CAP2,706
chr6,18112256,18112920,KIF13A,16756
chr6,18163689,18164576,AL589723.7,2537
chr6,18230741,18231354,NHLRC1,232
chr6,18636284,18636811,hsa-mir-548a-1,43446
chr6,19490669,19491305,RP11-686D16.2,34597
chr6,20194201,20194942,AL008627.1,43422
chr6,20291287,20291514,MBOAT1,29248
chr6,20291516,20291805,MBOAT1,28988
chr6,20308914,20309630,MBOAT1,11376
chr6,20318335,20319097,MBOAT1,1932
chr6,20399851,20400463,AL158198.14,9919
chr6,20649666,20650308,CDKAL1,7321
chr6,23223409,23224061,U6,9558
chr6,24457991,24459067,KAAG1,6580
chr6,24461213,24461864,KAAG1,3571
chr6,24561978,24562754,GPLD1,35462
chr6,24658040,24658799,RP11-252E3.2,47799
chr6,24693955,24694821,RP11-252E3.2,11830
chr6,24971279,24972188,FAM65B,47440
chr6,25415154,25415868,Y_RNA,19772
chr6,26099935,26100619,HIST1H1PS2,24308
chr6,26211712,26212439,HIST1H4C,7
chr6,26265558,26265822,HIST1H2BD,637
chr6,26265824,26265892,HIST1H2BD,469
chr6,26396190,26397002,HIST1H4H,2856
chr6,26404135,26404563,HIST1H4H,10609
chr6,26404565,26404648,HIST1H4H,10866
chr6,26404650,26404919,HIST1H4H,11044
chr6,27209658,27210097,HIST1H2AG,1078
chr6,27644259,27644997,XXbac-BPG34I8.3,7127
chr6,27874633,27875560,HIST1H4PS1,7718
chr6,27912870,27913198,HIST1H2AK,1061
chr6,28155601,28156166,ZNF165,1333
chr6,28483075,28484034,ZSCAN12,8065
chr6,29603617,29604108,GPR53P,10680
chr6,29604110,29604476,GPR53P,10249
chr6,30827253,30827881,IER3,7262
chr6,30828144,30828626,IER3,8080
chr6,30866682,30867182,AL662797.7,39482
chr6,31585603,31586385,AL663061.8-1,10085
chr6,31805479,31805860,DDAH2,349
chr6,31886101,31886959,LSM2,3809
chr6,32186414,32186993,TNXB,1573
chr6,32243196,32243695,EGFL8,3086
chr6,32629752,32630591,HLA-DRB5,24150
chr6,32635229,32635983,HLA-DRB5,29585
chr6,32638597,32639399,HLA-DRB1,26592
chr6,32642302,32643388,HLA-DRB1,22745
chr6,32656823,32657401,HLA-DRB1,8478
chr6,33793028,33793777,C6orf125,5921
chr6,33808173,33808669,IP6K3,14318
chr6,33820052,33820486,IP6K3,2470
chr6,33837816,33838390,IP6K3,15364
chr6,33876603,33876913,MLN,3012
chr6,33892636,33893150,MLN,13123
chr6,33928803,33929221,MLN,49242
chr6,34063995,34064417,hsa-mir-1275,11599
chr6,34064419,34064552,hsa-mir-1275,11320
chr6,34224999,34225818,GRM4,5736
chr6,34612463,34612605,SPDEF,19534
chr6,34612607,34612888,SPDEF,19321
chr6,34626689,34627139,SPDEF,5154
chr6,34628928,34629370,SPDEF,2919
chr6,34798935,34799251,RP11-140K17.2,7726
chr6,34799253,34799601,RP11-140K17.2,8060
chr6,34910863,34911456,Y_RNA,13960
chr6,35317230,35317695,ZNF76,17964
chr6,35369030,35369986,DEF6,4064
chr6,35369988,35370462,DEF6,3347
chr6,35370464,35370974,DEF6,2853
chr6,35379982,35380712,DEF6,6775
chr6,35388297,35388511,DEF6,14832
chr6,35388513,35389347,DEF6,15358
chr6,35432828,35433270,PPARD,14737
chr6,35478427,35478835,MKRNP2,40167
chr6,35560562,35561318,TEAD3,11898
chr6,35840331,35840773,RP3-510O8.3,1110
chr6,35858193,35859026,C6orf127,1803
chr6,35980353,35981305,SRPK1,16112
chr6,36001829,36002167,SRPK1,5057
chr6,36180970,36181621,Z95152.1-1,13226
chr6,36193773,36194971,MAPK13,11867
chr6,36196731,36197111,MAPK13,9318
chr6,36197793,36198363,MAPK13,8161
chr6,36198365,36198905,MAPK13,7604
chr6,36669287,36669814,SFRS3,593
chr6,36831356,36832004,Z85996.1-2,1474
chr6,36860195,36860543,Z85996.1-2,27215
chr6,36900632,36901274,CPNE5,14802
chr6,37099211,37099892,FGD2,18152
chr6,37792068,37792671,MDGA1,18626
chr6,38614325,38615092,Y_RNA,26995
chr6,38867848,38868566,RP1-217P22.2,29549
chr6,38901135,38901856,SNORA8,3322
chr6,39067164,39067675,RP1-202I21.3,48319
chr6,39342592,39343151,KCNK5,37643
chr6,39349503,39349917,KCNK17,40503
chr6,39350399,39351159,KCNK17,39434
chr6,39351186,39351778,KCNK17,38731
chr6,39998958,39999341,MOCS1,11079
chr6,39999343,39999621,MOCS1,10746
chr6,40000840,40001310,MOCS1,9153
chr6,40423325,40423863,AL139275.30,8128
chr6,40466265,40466656,AL591063.6-2,12407
chr6,40527857,40528147,AL591063.6-1,44432
chr6,42150917,42151723,TAF8,25092
chr6,42170543,42171518,C6orf132,9614
chr6,42198490,42198883,C6orf132,18042
chr6,42204697,42205404,AL512274.9,13284
chr6,42242578,42243002,RP1-139D8.6,11534
chr6,42302128,42303144,MRPS10,9056
chr6,42303146,42303976,MRPS10,9981
chr6,42623223,42623480,UBR2,16426
chr6,42623482,42623651,UBR2,16211
chr6,42953264,42953874,RPL7L1,1781
chr6,43113507,43114145,AL136304.10-2,1289
chr6,43114447,43114962,AL136304.10-2,2167
chr6,43343335,43343740,TTBK1,24338
chr6,43410883,43411351,RP11-480N24.4,7268
chr6,43412822,43413544,RP11-480N24.4,9334
chr6,43567537,43568425,RP3-337H4.1,14693
chr6,43753020,43753687,MRPS18A,10152
chr6,43790043,43790581,RP1-261G23.4,7847
chr6,43799338,43799726,RP1-261G23.4,17067
chr6,43836315,43837164,AL136131.15-2,8182
chr6,43880431,43881124,VEGF,34852
chr6,43882099,43882570,VEGF,36409
chr6,44027363,44027870,C6orf223,48700
chr6,44127746,44128175,AL109615.42-1,37462
chr6,44185982,44186568,AL109615.42-2,16423
chr6,44299299,44299895,SLC29A1,4378
chr6,44313637,44314279,HSP90AB1,8843
chr6,44333297,44333651,SLC35B2,206
chr6,44333653,44333971,SLC35B2,544
chr6,45751493,45751892,AL161907.17,29874
chr6,46600621,46601481,RCAN2,33384
chr6,46874683,46875296,MEP1A,5937
chr6,47050503,47051014,GPR116,20120
chr6,47123153,47123716,GPR110,5394
chr6,49617471,49618114,C6orf141,8554
chr6,51502008,51502647,AL445529.14,7974
chr6,52561843,52562368,TRAM2,12285
chr6,52584555,52585080,TRAM2,34997
chr6,52718162,52718937,RP1-152L7.6,1137
chr6,53106351,53107105,AL512347.14,13957
chr6,53209288,53209875,RP1-34L19.2,528
chr6,53212085,53212814,RP1-34L19.2,3396
chr6,53299693,53299983,RPS16P5,10264
chr6,53437348,53437695,AL591034.5-2,8318
chr6,53437697,53438282,AL591034.5-2,8786
chr6,53438284,53438461,AL591034.5-2,9169
chr6,53438463,53439247,AL591034.5-2,9652
chr6,53769019,53769432,LRRC1,1489
chr6,53783932,53784456,LRRC1,16458
chr6,53784458,53785297,LRRC1,17141
chr6,53987056,53988151,RP11-411K7.2,1930
chr6,56262839,56263456,RP11-323I14__A.1,13595
chr6,64202879,64203503,RP3-407E4.4,5438
chr6,64265906,64266594,AL390854.15,18253
chr6,64339671,64340103,PTP4A1,9
chr6,71888381,71888972,AL096709.11-1,4852
chr6,73387604,73388104,KCNQ5,386
chr6,73388106,73388312,KCNQ5,31
chr6,73794429,73795346,RP11-380M3.3,26653
chr6,73798339,73798829,RP11-380M3.3,22956
chr6,78418189,78418774,AL591500.6,38626
chr6,79677595,79678326,IRAK1BP1,44053
chr6,83028059,83028698,RP3-492P14.2,3031
chr6,83130983,83131664,TPBG,1066
chr6,83856480,83857134,AL139333.10,17397
chr6,87544063,87544931,RP1-253B10.2,9129
chr6,88174360,88175012,C6orf165,247
chr6,90289010,90289943,SRP_euk_arch,44898
chr6,99858023,99858679,C6orf168,45662
chr6,100673697,100674442,AL080285.6,16688
chr6,106173492,106174282,RP3-359N14.1,47006
chr6,106182893,106183821,RP3-359N14.1,37536
chr6,106689151,106690359,PRDM1,48868
chr6,109051737,109052598,RP11-697G4.3,5987
chr6,109135330,109135979,Z95118.1,43897
chr6,109144870,109145773,Z95118.1,34230
chr6,109163224,109163711,Z95118.1,16084
chr6,109379549,109380252,RP11-249L21.4,44132
chr6,109383016,109383619,RP11-249L21.4,47549
chr6,109383621,109383728,RP11-249L21.4,47906
chr6,110937518,110938525,SLC22A16,33485
chr6,110982961,110983606,RP11-346C16.4,7227
chr6,110985083,110985839,RP11-346C16.4,5049
chr6,112020654,112021265,TRAF3IP2,13054
chr6,112446948,112447445,WISP3,34774
chr6,113958668,113959286,AL513123.10,16096
chr6,116985600,116986401,BET3L,12631
chr6,122179994,122180933,RP3-438G17.1,41144
chr6,125517654,125518390,TPD52L1,1339
chr6,125560618,125561402,TPD52L1,44327
chr6,126349643,126350001,TRMT11,554
chr6,133028773,133029603,RP1-55C23.4,8528
chr6,134253821,134254465,TCF21,2175
chr6,134254467,134255196,TCF21,2863
chr6,134479926,134480573,HMGA1L7,1929
chr6,134957662,134958662,RP11-557H15.1,9369
chr6,135509456,135510158,MYB,34338
chr6,135545313,135545745,MYB,1384
chr6,135573994,135574521,hsa-mir-548a-2,27733
chr6,135617005,135617666,hsa-mir-548a-2,15345
chr6,135620750,135621302,hsa-mir-548a-2,19036
chr6,135621753,135622551,hsa-mir-548a-2,20162
chr6,138385695,138386524,RP11-240M16.2,28010
chr6,138918265,138919131,NHSL1,16042
chr6,138945086,138945956,NHSL1,10781
chr6,148996349,148997236,RP11-461H3.2,13736
chr6,149133512,149133797,UST,23490
chr6,149133799,149133890,UST,23680
chr6,149442796,149443622,RP11-365H23.1,32291
chr6,149790713,149791203,SUMO4,27771
chr6,150080072,150080792,LATS1,652
chr6,150704827,150705599,AL357561.19-1,1638
chr6,151937401,151937997,U6,41007
chr6,151978659,151979734,U6,490
chr6,151996423,151996793,U6,17902
chr6,151996795,151997223,U6,18303
chr6,152020715,152021152,ESR1,32390
chr6,152021154,152021559,ESR1,31967
chr6,152027178,152027885,ESR1,25792
chr6,152169942,152170292,AL356311.6,1904
chr6,152170294,152170307,AL356311.6,2087
chr6,152170309,152170335,AL356311.6,2109
chr6,152170337,152170837,AL356311.6,2374
chr6,153422609,153423259,AL080276.9,7645
chr6,154402030,154402679,OPRM1,219
chr6,154530454,154530978,RP11-317B3.2,49040
chr6,154829028,154829459,MAGI1,44201
chr6,155262781,155263613,AL121952.18-2,19090
chr6,157115491,157116281,ARID1B,24869
chr6,157157744,157158420,ARID1B,17327
chr6,157185689,157186227,ARID1B,45203
chr6,158680106,158680846,TULP4,26797
chr6,159045526,159046061,RP11-507C10.4,21506
chr6,159046327,159047165,RP11-507C10.4,20553
chr6,159048015,159048770,RP11-507C10.4,18907
chr6,159176077,159176801,VIL2,16008
chr6,159282168,159283060,U6,15024
chr6,160421958,160422692,AL353625.5,12116
chr6,161272591,161273099,RP11-235G24.2,26054
chr6,164155513,164155897,SRP_euk_arch,25877
chr6,164182250,164182769,SRP_euk_arch,927
chr6,166399631,166400457,RP11-459F1.3,2270
chr6,166715639,166715954,BRP44L,679
chr6,166835868,166836500,hsa-mir-1913,6726
chr6,166845757,166846761,hsa-mir-1913,3349
chr6,166961346,166961877,RP3-427A4.2,41657
chr6,166961907,166962488,RP3-427A4.2,42243
chr6,167283870,167284751,AL133458.19,4922
chr6,167338831,167339456,CCR6,6261
chr6,167453834,167454386,GPR31,37696
chr6,167684602,167685522,RP3-366N23.4,4113
chr6,167894411,167895237,AL009178.4,17266
chr6,167941414,167942048,C6orf123,1344
chr6,168008021,168008604,MLLT4,37793
chr6,168454464,168455026,DACT2,8537
chr6,168596550,168597162,SMOC2,12177
chr6,169366843,169367860,THBS2,28710
chr6,169867187,169867885,PHF10,1511
chr7,530646,531183,PDGFA,4456
chr7,809344,809992,UNC84A,13109
chr7,873607,873952,C7orf20,8937
chr7,873954,874045,C7orf20,8717
chr7,874047,874244,C7orf20,8571
chr7,888433,888855,C7orf20,5928
chr7,894298,894951,C7orf20,11908
chr7,907476,907967,C7orf20,25005
chr7,971336,971930,COX19,10127
chr7,1034968,1035558,hsa-mir-339,6076
chr7,1257674,1258243,UNCX,18924
chr7,1441516,1442196,MICALL2,23778
chr7,1522520,1523421,INTS1,12199
chr7,1543126,1543455,MAFK,6397
chr7,1543457,1543546,MAFK,6608
chr7,1543548,1543846,MAFK,6804
chr7,1565045,1565500,TMEM184A,2681
chr7,1720012,1720442,AC074389.6,19741
chr7,1894992,1895750,AC104129.4,43910
chr7,1899775,1900411,AC104129.4,48632
chr7,2388758,2389283,EIF3S9,28021
chr7,2431373,2432014,AC004840.4,12230
chr7,2443355,2443711,AC004840.4,390
chr7,2446767,2447156,AC004840.4,3038
chr7,2447158,2447184,AC004840.4,3248
chr7,2447186,2447596,AC004840.4,3468
chr7,2494869,2495476,LFNG,23516
chr7,2545413,2545662,AC092488.3,11581
chr7,2549803,2550234,AC092488.3,7100
chr7,2693399,2694065,AMZ1,8044
chr7,2694183,2694599,AMZ1,8703
chr7,2695131,2695810,AMZ1,9782
chr7,2722173,2722544,AMZ1,36670
chr7,2817185,2818041,AC006028.11,24167
chr7,3267266,3268098,SDK1,39923
chr7,3436536,3437337,AC069286.7,11712
chr7,3438117,3439002,AC069286.7,13335
chr7,4689251,4690035,FOXK1,1188
chr7,4690037,4690412,FOXK1,1769
chr7,4712501,4713305,AC072054.10,17267
chr7,4759909,4760339,KIAA0415,21665
chr7,4830989,4831625,Y_RNA,13862
chr7,4838020,4838369,Y_RNA,20749
chr7,4838371,4838674,Y_RNA,21077
chr7,5092880,5093546,AC092028.4,30031
chr7,5424689,5425100,AC093620.3,2508
chr7,5495001,5495764,AC092171.4,3831
chr7,5527444,5527878,FBXL18,4016
chr7,5530493,5530794,ACTB,6114
chr7,5565102,5565436,AC006483.5,1630
chr7,5655162,5655715,AC006483.3,41996
chr7,5673362,5674170,AC006483.3,23668
chr7,5870888,5871671,SRP_euk_arch,6927
chr7,6338489,6339291,AC009412.5,16224
chr7,6391937,6392412,RAC1,11524
chr7,6441803,6442342,DAGLB,12037
chr7,6636440,6637102,ZNF316,11794
chr7,7327848,7328600,AC079448.1,28561
chr7,7562922,7563695,MIOS,9722
chr7,8002555,8003437,AC006042.8,16529
chr7,11267431,11268129,AC004538.2,3094
chr7,12601360,12601853,SCIN,24737
chr7,16427508,16428034,AC004741.2,300
chr7,16791815,16792471,AC073333.5,3247
chr7,16886598,16887541,AGR3,1068
chr7,18048610,18049252,AC080080.5,15005
chr7,19086110,19086782,TWIST1,37373
chr7,21914700,21915354,CDCA7L,37199
chr7,21915356,21915734,CDCA7L,36681
chr7,22395731,22396197,RAPGEF5,32677
chr7,23340939,23341476,C7orf30,35743
chr7,24719141,24719770,DFNA5,44708
chr7,24719772,24720121,DFNA5,44217
chr7,25031136,25031911,OSBPL3,45239
chr7,26369664,26370517,AC004540.1,34785
chr7,26559852,26560273,KIAA0087,15301
chr7,26564334,26565408,KIAA0087,20110
chr7,26596639,26597222,AC003999.3,47084
chr7,27283518,27284406,AC004996.1,8108
chr7,27743613,27744258,TAX1BP1,2303
chr7,28108842,28109380,U6,15251
chr7,29953257,29953752,AC004912.2,34836
chr7,30166040,30167014,C7orf41,25451
chr7,30295810,30296336,hsa-mir-550-1,139
chr7,32686839,32687414,AC018645.4-1,37455
chr7,32739105,32739650,hsa-mir-550-2,260
chr7,33186123,33186683,5S_rRNA,2527
chr7,33226226,33227050,5S_rRNA,42762
chr7,33851944,33853177,AC008080.1-1,38643
chr7,34728741,34729406,AC005174.1-1,30487
chr7,34754394,34754898,AC005174.1-1,4914
chr7,35031861,35032366,DPY19L1,12064
chr7,35295189,35296229,TBX20,35427
chr7,36091042,36091618,AC083864.2,6112
chr7,36301255,36301757,Y_RNA,42405
chr7,39630065,39630572,RALA,632
chr7,40100140,40100517,Y_RNA,34027
chr7,43267290,43268010,AC004692.2,12632
chr7,43545519,43546139,STK17A,43387
chr7,43858118,43858717,MRPS24,17252
chr7,43860914,43861414,MRPS24,14505
chr7,43861416,43862014,MRPS24,13954
chr7,43862324,43862900,MRPS24,13057
chr7,43863103,43863736,MRPS24,12250
chr7,43871100,43872160,MRPS24,4039
chr7,43886810,43887350,MRPS24,11411
chr7,44156551,44157126,MYL7,9398
chr7,44159649,44160183,MYL7,12476
chr7,44186422,44187147,GCK,8778
chr7,44187149,44187219,GCK,8378
chr7,44187221,44187255,GCK,8324
chr7,44187257,44187440,GCK,8214
chr7,44230982,44231750,YKT6,24264
chr7,44289268,44289680,CAMK2B,42274
chr7,44289736,44290290,CAMK2B,41735
chr7,44770518,44771147,ZMIZ2,15778
chr7,44831833,44832195,H2AFV,22240
chr7,45549620,45550084,ADCY1,30793
chr7,45886429,45886958,IGFBP1,7790
chr7,47538555,47539267,TNS3,49304
chr7,47544870,47545526,TNS3,43017
chr7,47547920,47548687,TNS3,39912
chr7,47581921,47582445,TNS3,6032
chr7,47582447,47582840,TNS3,5572
chr7,47582842,47583140,TNS3,5224
chr7,47589719,47590273,TNS3,1781
chr7,47750408,47751022,AC019066.6,18772
chr7,50806429,50807208,GRB10,21833
chr7,51392143,51392973,COBL,40569
chr7,55028224,55029015,EGFR,25599
chr7,55758988,55759579,FKBP9L,24943
chr7,55999955,56000621,GBAS,499
chr7,62139262,62139956,U6,30228
chr7,63498090,63499089,AC022202.12,43899
chr7,63696887,63697718,AC016769.10,29086
chr7,63697720,63697934,AC016769.10,29611
chr7,63697936,63698455,AC016769.10,29979
chr7,63709194,63709842,AC016769.10,41302
chr7,63711724,63712324,AC016769.10,43808
chr7,63729000,63729978,ZNF588,34456
chr7,63730020,63730621,ZNF588,33625
chr7,63734275,63734967,ZNF588,29324
chr7,63736944,63738048,ZNF588,26449
chr7,63752707,63753049,ZNF588,11067
chr7,63756168,63756648,ZNF588,7537
chr7,63918113,63918955,ZNF138,26294
chr7,64040306,64040879,ZNF273,39538
chr7,64044117,64044603,ZNF273,43306
chr7,65116346,65117095,GUSB,32040
chr7,65349763,65350196,TPST1,42231
chr7,65602220,65603163,AC008267.6-3,5207
chr7,65851239,65851990,RABGEF1,8537
chr7,66462292,66463133,AC099758.4,39340
chr7,67834135,67834948,AC004910.2-1,7568
chr7,68207766,68208832,U6,19893
chr7,68535381,68536052,AC092100.5-9,31492
chr7,68749445,68750203,AUTS2,47249
chr7,72408082,72408639,U6,17222
chr7,72448319,72448740,Y_RNA,7625
chr7,72448742,72449243,Y_RNA,7162
chr7,72793769,72794273,ABHD11,2902
chr7,72794657,72794956,ABHD11,3687
chr7,72874515,72875002,AC093168.3,6719
chr7,72943391,72943935,WBSCR28,30239
chr7,72943937,72944234,WBSCR28,30661
chr7,73074570,73075206,ELN,5474
chr7,73075208,73075910,ELN,4803
chr7,73186016,73186835,WBSCR1,40199
chr7,73206022,73206536,WBSCR1,20345
chr7,73305207,73305704,RFC2,1218
chr7,75167434,75167880,HIP1,38557
chr7,75374153,75374806,AC005067.2,3327
chr7,75456965,75457687,TMEM120A,4586
chr7,75557130,75557850,AC005077.5-1,2792
chr7,75633674,75634015,AC005077.11,35307
chr7,75769427,75770079,HSPB1,105
chr7,75774171,75774786,HSPB1,4620
chr7,79947936,79948451,GNAT3,30984
chr7,80344040,80344757,SEMA3C,42204
chr7,80410046,80410593,SEMA3C,23717
chr7,80410629,80411298,SEMA3C,24361
chr7,86526940,86527518,AC002081.1,465
chr7,87742038,87742765,STEAP4,31743
chr7,87758989,87759438,STEAP4,14931
chr7,87759440,87760029,STEAP4,14410
chr7,91602004,91602420,CYP51A1,267
chr7,91914506,91914860,GATAD1,17
chr7,92585934,92586590,SAMD9,991
chr7,92642515,92643020,SAMD9L,27152
chr7,92699343,92699672,CCDC132,81
chr7,93019183,93019530,CALCR,22329
chr7,93019532,93019546,CALCR,22146
chr7,93019563,93019862,CALCR,21973
chr7,93068309,93068933,CALCR,26936
chr7,93278342,93279044,AC002076.2,33343
chr7,94374597,94375110,PPP1R9A,31
chr7,95017438,95017794,PDK4,46244
chr7,95063757,95064355,PDK4,196
chr7,95642101,95642839,hsa-mir-591,44533
chr7,96571707,96572528,ACN9,12835
chr7,97240062,97240516,TAC1,40979
chr7,97630586,97630928,AC073101.7,17022
chr7,97631147,97631374,AC073101.7,17525
chr7,97635857,97636324,AC073101.7,22355
chr7,97719428,97719808,TECPR1,215
chr7,97762966,97763469,BRI3P1,14295
chr7,97782722,97783592,BRI3P1,34235
chr7,97821707,97821992,AC093799.2-1,31982
chr7,97821994,97822274,AC093799.2-1,31697
chr7,98083862,98084162,NPTX2,527
chr7,98087193,98087423,NPTX2,2769
chr7,98194203,98194828,U6,35867
chr7,98232688,98233544,U6,2734
chr7,98255045,98255949,U6,25115
chr7,98262186,98263021,U6,32221
chr7,98626280,98626918,AC073468.9,16425
chr7,98748549,98748850,ARPC1A,12746
chr7,98809464,98809977,ARPC1B,544
chr7,98817172,98817650,ARPC1B,7147
chr7,98899344,98899924,ATP5J2,2109
chr7,98901161,98901471,ATP5J2,427
chr7,98901598,98902145,ATP5J2,128
chr7,99052369,99052627,ZNF498,8
chr7,99426381,99427015,AC004522.3-1,10374
chr7,99439499,99439949,ZKSCAN1,11430
chr7,99439992,99440631,ZKSCAN1,10843
chr7,99458434,99458952,ZKSCAN1,7539
chr7,99500795,99501646,AC093619.5,83
chr7,99526959,99527497,hsa-mir-25,1973
chr7,99675802,99676500,AC005071.2-1,20473
chr7,99864336,99864652,ZCWPW1,257
chr7,99868332,99868876,MEPCE,3415
chr7,99885675,99886400,C7orf61,13792
chr7,99886402,99886585,C7orf61,13336
chr7,99886587,99886975,C7orf61,13048
chr7,99995338,99995972,AC069281.6-2,7001
chr7,101666599,101666878,AC005086.2-5,42560
chr7,101666880,101667351,AC005086.2-5,42937
chr7,101702193,101702528,AC005088.3-2,12805
chr7,101744110,101745017,AC005088.3-1,7764
chr7,101745933,101746299,AC005088.3-1,6211
chr7,101818137,101818645,PRKRIP1,5472
chr7,101854368,101854813,ORAI2,6431
chr7,102874577,102875184,SLC26A5,1047
chr7,102916689,102917356,7SK,4801
chr7,103659249,103659560,ORC5L,23706
chr7,103790829,103791099,LHFPL3,34501
chr7,104311475,104311802,AC007384.3-1,12366
chr7,104339387,104340373,AC007384.3-2,277
chr7,104407245,104407528,AC007384.3-3,10394
chr7,104440733,104441065,MLL5,973
chr7,104441067,104441223,MLL5,727
chr7,104441225,104441311,MLL5,604
chr7,104711758,104712377,AC004884.1-1,39733
chr7,104744160,104744767,AC004884.1-2,9070
chr7,104794510,104794860,SRPK2,21897
chr7,104829004,104830121,SRPK2,12980
chr7,104871968,104872671,AC073138.3,24607
chr7,104949261,104949521,PUS7,529
chr7,104999056,104999695,EFCAB10,9807
chr7,105009132,105009904,EFCAB10,336
chr7,105364832,105365778,AC004836.2,25615
chr7,105367575,105368303,AC004836.2,22981
chr7,105436848,105437584,AC004836.2,46296
chr7,105492910,105493481,SYPL1,47097
chr7,105497809,105498444,SYPL1,42166
chr7,105500197,105500631,SYPL1,39878
chr7,105579967,105580454,SYPL1,39918
chr7,105712473,105712810,PBEF1,232
chr7,105721958,105722539,PBEF1,9375
chr7,106518093,106518830,PRKAR2B,46087
chr7,106597487,106597744,HBP1,920
chr7,106934366,106934664,GPR22,36778
chr7,107171094,107171473,CBLL1,538
chr7,107378143,107378624,AC005046.3,49279
chr7,107379259,107380200,AC005046.3,47933
chr7,107380202,107380574,AC005046.3,47274
chr7,107381185,107381647,AC005046.3,46246
chr7,107573776,107574069,LAMB4,15886
chr7,107574071,107574356,LAMB4,16177
chr7,107905865,107906131,NRCAM,21937
chr7,107997281,107997448,DNAJB9,227
chr7,107997450,107997636,DNAJB9,48
chr7,108326811,108327573,C7orf66,15320
chr7,110996268,110997179,IMMP2L,7141
chr7,111014405,111014886,IMMP2L,25063
chr7,111343029,111343988,5S_rRNA,37547
chr7,111908899,111909722,C7orf53,1029
chr7,115637401,115637932,TES,190
chr7,116598183,116599250,AC002542.2,16313
chr7,116630331,116631030,AC002542.2,15651
chr7,116707223,116707686,AC006326.3,15266
chr7,117019417,117020314,AC000111.5,6160
chr7,120101160,120101921,AC004888.1,1384
chr7,120130899,120131553,AC004888.1,31070
chr7,120144405,120145120,AC004888.1,44606
chr7,120755706,120756393,WNT16,3393
chr7,120823870,120824455,FAM3C,505
chr7,122106369,122107105,RNF133,19470
chr7,127026264,127027276,FSCN3,5846
chr7,127028116,127028498,FSCN3,7383
chr7,127410986,127411513,C7orf54,13733
chr7,127411515,127411723,C7orf54,13363
chr7,127536247,127537162,hsa-mir-593,27556
chr7,127858551,127859465,IMPDH1,21737
chr7,127871382,127871713,C7orf68,11572
chr7,128291014,128291501,ATP6V1F,1124
chr7,128479230,128479849,TNPO3,2894
chr7,128828564,128829082,AC009244.25-1,8623
chr7,129376191,129376621,UBE2H,3618
chr7,129734924,129735570,AC024085.5-1,11109
chr7,129735591,129736164,AC024085.5-1,10479
chr7,129739659,129740490,AC024085.5-1,6282
chr7,130229318,130229982,hsa-mir-29b-1,16813
chr7,130230374,130230725,hsa-mir-29b-1,17712
chr7,130233293,130234091,hsa-mir-29b-1,20855
chr7,130235275,130235806,hsa-mir-29b-1,22703
chr7,130880172,130880531,PODXL,11564
chr7,130960627,130961599,AC093106.3-1,36809
chr7,130961934,130962711,AC093106.3-1,35600
chr7,130999766,131000479,AC093106.3-1,2200
chr7,131427221,131427932,AC018643.3,37952
chr7,131450609,131451268,AC018643.3,14590
chr7,131452410,131452999,AC018643.3,12824
chr7,131453014,131453582,AC018643.3,12230
chr7,131513695,131514123,AC018643.3,48381
chr7,131968808,131969731,AC009365.9-1,14823
chr7,133786180,133787037,AKR1B1,7819
chr7,134988648,134989176,U6,12077
chr7,135042849,135043536,SLC13A4,20281
chr7,135049838,135050377,SLC13A4,13366
chr7,135075838,135076281,FAM180A,7927
chr7,135108728,135109462,AC091736.2-1,24301
chr7,135265786,135266502,U6,29846
chr7,137209344,137209771,DGKI,27409
chr7,137314503,137315069,CREB3L2,22599
chr7,137496643,137497744,Y_RNA,13137
chr7,137529035,137529717,SNORA51,5962
chr7,138088129,138088524,TMEM213,44952
chr7,138109018,138109334,TMEM213,24102
chr7,138109336,138109877,TMEM213,23672
chr7,138111991,138112369,TMEM213,21098
chr7,138226393,138226803,U6,14848
chr7,138383112,138383714,ZC3HAV1L,12099
chr7,138411019,138411729,ZC3HAV1,33630
chr7,138641178,138642054,U6,9063
chr7,138653412,138653822,U6,2938
chr7,139082474,139082975,HIPK2,41259
chr7,139088110,139088811,HIPK2,35523
chr7,139118311,139118584,HIPK2,5536
chr7,139363918,139364361,PARP12,45850
chr7,139656643,139657282,AC093087.3-1,17945
chr7,139887937,139888365,AC006452.5-4,38404
chr7,139974356,139975171,DENND2A,12050
chr7,140319400,140319691,MRPS33,41672
chr7,140319693,140319800,MRPS33,41471
chr7,140321738,140322245,MRPS33,39226
chr7,140338607,140339709,MRPS33,22059
chr7,140758032,140758708,AC005692.1,4288
chr7,141347638,141348533,MGAM,5938
chr7,141720755,141721187,U66059.1-12,3
chr7,141721189,141721626,U66059.1-12,439
chr7,141723833,141724705,U66059.1-12,3301
chr7,141752456,141753118,U66059.1-14,62
chr7,141753120,141753362,U66059.1-14,392
chr7,142196587,142197445,U66061.1-18,217
chr7,142364193,142364817,KEL,5119
chr7,148521436,148522563,ZNF282,1487
chr7,148532364,148533225,ZNF282,9308
chr7,148534108,148534430,ZNF282,10783
chr7,148537629,148538046,ZNF282,14351
chr7,149162622,149163087,ZNF862,3587
chr7,149182886,149183471,ZNF862,16737
chr7,150320665,150321187,NOS3,1847
chr7,150358794,150359414,ABCB8,2623
chr7,150535607,150536387,IQCA1L,2525
chr7,150703413,150703988,NUB1,33910
chr7,150714210,150714755,WDR86,23574
chr7,151179120,151179487,PRKAG2,25945
chr7,151187462,151188105,PRKAG2,17465
chr7,151205259,151205655,PRKAG2,209
chr7,151902887,151903236,AC104843.4,15897
chr7,151903238,151903296,AC104843.4,15691
chr7,151903298,151904142,AC104843.4,15238
chr7,151939011,151939415,SNORA26,1883
chr7,152027240,152027861,XRCC2,23368
chr7,154510933,154511559,AC093726.4,17047
chr7,154625794,154626404,AC099552.4,5021
chr7,154855197,154855823,BLACE,2121
chr7,154865521,154866099,AC008060.7,1721
chr7,154924242,154925093,EN2,18917
chr7,155066460,155067007,CNPY1,47416
chr7,155263876,155264362,SHH,33608
chr7,155335095,155335488,AC104133.5,22054
chr7,155346360,155346966,AC104133.5,10682
chr7,155346968,155347359,AC104133.5,10182
chr7,155351542,155351971,AC104133.5,5589
chr7,155352554,155353378,AC104133.5,4379
chr7,155383283,155383929,AC104133.5,26261
chr7,155404506,155405022,AC021218.2,43325
chr7,155588281,155588882,AF093117.1-1,49626
chr7,156617931,156618880,UBE3C,6019
chr7,156721560,156722128,AC004975.2-2,27530
chr7,156740789,156741360,AC004975.2-2,8300
chr7,156758147,156758769,AC004975.2-2,9084
chr7,156774699,156775085,AC004975.2-1,15180
chr7,156775087,156775326,AC004975.2-1,14866
chr7,156778044,156778598,AC004975.2-1,11751
chr7,156814978,156815358,DNAJB6,7292
chr7,156819748,156820479,DNAJB6,2347
chr7,156978222,156978946,AC006372.2,32653
chr7,157106306,157107157,AC005481.5,7256
chr7,158022553,158022861,hsa-mir-595,4442
chr7,158026223,158026625,hsa-mir-595,8159
chr7,158041830,158042681,hsa-mir-595,23990
chr7,158612146,158612836,VIPR2,17918
chr8,303557,304078,FAM87A,19356
chr8,304080,304507,FAM87A,18880
chr8,1704836,1705405,CLN8,5844
chr8,6640158,6640798,AF233439.5,39246
chr8,6707610,6708264,DEFB1,15001
chr8,6710804,6711430,DEFB1,11821
chr8,8131797,8132648,AC068020.7-2,3078
chr8,8990703,8991300,AC087579.17,37452
chr8,8995033,8995913,AC087579.17,41924
chr8,8999236,8999731,AC087579.17,45934
chr8,9014550,9015127,PPP1R3B,30791
chr8,9042566,9043022,PPP1R3B,2835
chr8,9043024,9043366,PPP1R3B,2434
chr8,9859690,9860412,AC055869.13-3,33310
chr8,10715846,10716455,AC105001.3-1,18645
chr8,11400151,11400891,BLK,11592
chr8,11470211,11471195,C8orf14,749
chr8,11484082,11484654,C8orf14,12916
chr8,11565664,11566261,GATA4,33199
chr8,11605820,11606778,GATA4,7138
chr8,11641142,11642069,NEIL2,23021
chr8,11672962,11673508,NEIL2,8609
chr8,11684204,11685025,FDFT1,12984
chr8,12959731,12960695,U6,13984
chr8,13058839,13059431,Y_RNA,2922
chr8,13061067,13061597,Y_RNA,725
chr8,17391356,17391782,SLC7A2,7405
chr8,17429793,17430413,SLC7A2,31129
chr8,17653627,17654379,5S_rRNA,4097
chr8,17705163,17705823,MTUS1,2828
chr8,17824831,17825456,PCM1,498
chr8,19703770,19704583,INTS10,15021
chr8,22025960,22026567,NUDT18,2861
chr8,22043107,22043770,HR,1887
chr8,22498323,22498703,PDLIM2,5926
chr8,22500164,22500947,PDLIM2,7968
chr8,22648263,22649023,EGR3,41884
chr8,22654779,22655457,EGR3,48359
chr8,23046915,23047495,TNFRSF10D,30279
chr8,23556942,23557617,NKX3-1,39115
chr8,23707305,23708127,SNORA67,12118
chr8,26236627,26237226,PPP2R2A,31976
chr8,27615821,27616236,U6,22757
chr8,27786078,27786576,PBK,35060
chr8,29196374,29196911,AC084262.6,13146
chr8,29200043,29200758,AC084262.6,16904
chr8,29272701,29273373,DUSP4,8934
chr8,30676812,30677508,GSR,27733
chr8,37660936,37661897,ZNF703,11050
chr8,37670995,37671282,ZNF703,1328
chr8,37793688,37794515,GPR124,20170
chr8,37829879,37830273,BRF2,3508
chr8,38671738,38672583,Y_RNA,48534
chr8,41434646,41435504,GOLGA7,32162
chr8,41535759,41536542,AGPAT6,18725
chr8,41785373,41786322,Y_RNA,5824
chr8,42868019,42868485,RNF170,2686
chr8,42868487,42869082,RNF170,2154
chr8,47881324,47882292,AC021451.8-5,12312
chr8,48314830,48315246,KIAA0146,21056
chr8,48316526,48316896,KIAA0146,19383
chr8,49507763,49508537,AC026904.7,30437
chr8,50138117,50138836,C8orf22,8979
chr8,52914334,52915195,PCMTD1,21585
chr8,54574113,54574982,AC022034.7,40429
chr8,54982707,54983508,U6,6724
chr8,55181263,55182075,LYPLA1,4540
chr8,56995218,56995900,AC018607.12-2,10970
chr8,58284950,58285288,AC025674.10-2,26373
chr8,58404033,58404663,U6,39684
chr8,67198814,67199306,TRIM55,2771
chr8,67294780,67295610,CRH,41796
chr8,67586804,67587565,U6,11085
chr8,67587626,67588235,U6,11831
chr8,67741044,67741546,VCPIP1,740
chr8,67788646,67789244,SGK3,1501
chr8,67816508,67817176,PTTG3,25951
chr8,68455774,68456258,ARFGEF1,37551
chr8,68681048,68682088,AC022861.4-6,21184
chr8,68812133,68812878,CPA6,8628
chr8,70186249,70187063,AC105082.6,8796
chr8,70764608,70765624,AC091047.10-1,85
chr8,71569792,71570073,SRP_euk_arch,14657
chr8,74483214,74483868,AC018620.11,39975
chr8,75871489,75872179,PI15,27492
chr8,77801607,77802520,ZFHX4,45986
chr8,80874317,80875084,HEY1,32048
chr8,82017857,82018550,AC012533.11,32366
chr8,86921912,86922581,AF279874.3-4,12869
chr8,87281024,87281718,SLC7A13,30348
chr8,87338942,87339525,SLC7A13,27514
chr8,87422848,87423392,WWP1,32248
chr8,87423394,87423473,WWP1,31935
chr8,87423490,87424049,WWP1,31599
chr8,87424763,87425094,WWP1,30440
chr8,87700077,87700478,AC013751.6,39018
chr8,87869933,87870559,CNGB3,45230
chr8,89518884,89519200,AC027259.8,41151
chr8,90963731,90964636,U6,18041
chr8,91065060,91065463,NBN,813
chr8,91065465,91065677,NBN,503
chr8,91066096,91066476,NBN,212
chr8,91082876,91083705,DECR1,535
chr8,91662779,91663310,AB015752.1,14518
chr8,93230066,93230380,AC104339.10-1,4496
chr8,94302560,94303528,AC016885.16,7998
chr8,94486440,94486737,AC011118.13-1,36092
chr8,95246050,95246558,CDH17,43681
chr8,95347714,95348218,GEM,4234
chr8,95723674,95724066,ESRP1,1609
chr8,95724068,95724437,ESRP1,1991
chr8,96156243,96156484,U6,19742
chr8,96156486,96156990,U6,20117
chr8,96214508,96215018,PLEKHF2,444
chr8,96305387,96305876,C8orf37,44973
chr8,96306684,96307348,C8orf37,43588
chr8,96774621,96775122,AC116154.2,14553
chr8,97500900,97501710,U6,11258
chr8,97559215,97559881,SDC2,15509
chr8,97696519,97697188,AP003117.2,29821
chr8,98347686,98348460,TSPYL5,11174
chr8,98430342,98431035,U3,8980
chr8,98649339,98650144,AP002982.2-1,2832
chr8,98844030,98844618,Y_RNA,9392
chr8,99246442,99246872,AP003439.2,24020
chr8,99248128,99248765,AP003439.2,25809
chr8,99487388,99487729,AP003355.2-1,7629
chr8,100429354,100430145,AP004289.1,90
chr8,100943991,100944346,COX6C,30902
chr8,100974667,100974958,COX6C,258
chr8,100986185,100986464,COX6C,11254
chr8,100986506,100986879,COX6C,11622
chr8,100986881,100987339,COX6C,12040
chr8,101800936,101801598,PABPCP5,2223
chr8,101827427,101828375,AP001205.3-2,6571
chr8,101981310,101981804,RPS26P6,4418
chr8,101989383,101989802,RPS26P6,12453
chr8,102014105,102014762,YWHAZ,20311
chr8,102034517,102034932,YWHAZ,20
chr8,102075799,102076586,Y_RNA,31746
chr8,102191154,102192164,7SK,27703
chr8,102202018,102202620,7SK,17043
chr8,102204457,102205115,7SK,14576
chr8,102207688,102208093,7SK,11472
chr8,102208454,102208836,7SK,10717
chr8,102518338,102519241,SRP_euk_arch,39453
chr8,102519869,102520078,SRP_euk_arch,40637
chr8,102520080,102520276,SRP_euk_arch,40842
chr8,102536643,102536938,GRHL2,37371
chr8,102536940,102537095,GRHL2,37144
chr8,102544053,102544605,GRHL2,29832
chr8,102544607,102545120,GRHL2,29298
chr8,102548045,102548589,GRHL2,25844
chr8,102555430,102555998,GRHL2,18447
chr8,102573673,102574050,GRHL2,300
chr8,102574052,102574462,GRHL2,96
chr8,102575556,102575950,GRHL2,1592
chr8,102583946,102584370,GRHL2,9997
chr8,102585239,102585910,GRHL2,11413
chr8,102586182,102586475,GRHL2,12167
chr8,102593613,102594187,GRHL2,19739
chr8,102595747,102596230,GRHL2,21827
chr8,102596688,102597816,AP001207.3,22245
chr8,102692379,102692735,AP000426.3,17061
chr8,103278883,103279027,RRM2B,41566
chr8,103279029,103279461,RRM2B,41276
chr8,103682151,103682884,ODF1,49476
chr8,103713565,103714321,KLF10,23183
chr8,104091827,104092368,ATP6V1C1,10326
chr8,105406715,105407441,TM7SF4,14149
chr8,105496228,105496600,AP003471.2-1,5893
chr8,107699120,107699651,OXR1,39884
chr8,107706264,107706639,OXR1,32818
chr8,107724503,107725226,OXR1,14405
chr8,107725228,107725741,OXR1,13785
chr8,110656653,110657202,EBAG9,35823
chr8,110657204,110657261,EBAG9,36128
chr8,110657263,110657689,EBAG9,36372
chr8,112015157,112015520,AC104946.4-1,615
chr8,117069270,117069669,5S_rRNA,34712
chr8,117079466,117080378,5S_rRNA,24259
chr8,119701365,119701956,SAMD12,1704
chr8,119702211,119702583,SAMD12,967
chr8,120601910,120602769,AC021733.12-1,39918
chr8,120727414,120728434,ENPP2,7638
chr8,120736338,120737079,ENPP2,16422
chr8,120737336,120737744,ENPP2,17254
chr8,122232339,122232807,AC027238.5,35739
chr8,122246714,122247448,AC027238.5,21231
chr8,122487772,122488528,SSU_rRNA_5,32885
chr8,122508049,122508650,SSU_rRNA_5,12686
chr8,122508652,122508669,SSU_rRNA_5,12375
chr8,122513663,122514264,SSU_rRNA_5,7072
chr8,123867629,123867949,ZHX2,4708
chr8,123876384,123877190,ZHX2,13706
chr8,123927111,123927547,AC016405.8,869
chr8,123927549,123927594,AC016405.8,627
chr8,123927596,123928192,AC016405.8,304
chr8,123960264,123960357,AC016405.8,32112
chr8,123960359,123960927,AC016405.8,32445
chr8,124238250,124238597,AC068228.8-1,23521
chr8,124238599,124238697,AC068228.8-1,23296
chr8,124238699,124238817,AC068228.8-1,23186
chr8,124238819,124238991,AC068228.8-1,23039
chr8,124322850,124323219,C8orf76,237
chr8,124478051,124478373,ATAD2,345
chr8,124535144,124535851,U4,1030
chr8,124568025,124568379,U4,31675
chr8,124707267,124708286,KLHL38,26594
chr8,124847595,124848335,FAM91A1,2097
chr8,125163476,125163964,C8orf54,41517
chr8,125281600,125282008,AC090921.7-1,47015
chr8,125531512,125532189,TRMT12,403
chr8,125545943,125546530,RNF139,9952
chr8,125572721,125573447,RNF139,16896
chr8,125620315,125620621,TATDN1,41
chr8,125848007,125848687,MTSS1,38437
chr8,126151438,126151616,KIAA0196,21663
chr8,126151618,126151737,KIAA0196,21513
chr8,126367230,126367711,SRP_euk_arch,15443
chr8,127638999,127639330,FAM84B,483
chr8,127640055,127640321,FAM84B,541
chr8,127645816,127646189,FAM84B,6355
chr8,128452478,128453214,POU5F1P1,44192
chr8,128479798,128480080,POU5F1P1,17099
chr8,128881282,128881768,hsa-mir-1204,4136
chr8,128882105,128882810,hsa-mir-1204,5068
chr8,128901265,128901575,hsa-mir-1204,24031
chr8,128992610,128993314,TMEM75,36499
chr8,129033465,129034283,TMEM75,4413
chr8,129138851,129139494,hsa-mir-1207,8593
chr8,129189529,129189956,hsa-mir-1208,41801
chr8,129221312,129221578,hsa-mir-1208,10098
chr8,129221580,129221966,hsa-mir-1208,9770
chr8,129234453,129235103,hsa-mir-1208,3235
chr8,129306084,129306925,7SK,4573
chr8,131465143,131466088,ASAP1,17783
chr8,133207602,133208266,OC90,40851
chr8,133845337,133846054,TMEM71,3686
chr8,134297906,134298612,WISP1,25766
chr8,134360460,134360976,NDRG1,17961
chr8,134374214,134374677,NDRG1,4234
chr8,134374877,134375340,NDRG1,3571
chr8,134454050,134454816,AF186191.6,34979
chr8,134508231,134508829,AF186191.6,19118
chr8,134804424,134804841,AC090821.13-1,32246
chr8,135794099,135794791,ZFAT,17
chr8,135814868,135815532,ZFAT,20738
chr8,135816196,135816864,ZFAT,22068
chr8,140043111,140043681,COL22A1,47979
chr8,141042087,141042650,C8orf17,28657
chr8,141665241,141665733,AC107375.5,17584
chr8,141789216,141789853,hsa-mir-151,22399
chr8,142239073,142239825,AC040970.7,2768
chr8,142264350,142265022,AC040970.7,28005
chr8,142307812,142308137,SLC45A4,120
chr8,142308139,142308439,SLC45A4,435
chr8,142342878,142343525,SLC45A4,35347
chr8,142398633,142398968,GPR20,47746
chr8,143015121,143015608,AC104417.14,9402
chr8,143021309,143021793,AC104417.14,3215
chr8,143285747,143286333,SRP_euk_arch,41093
chr8,143296529,143297074,SRP_euk_arch,30332
chr8,143332822,143333216,SRP_euk_arch,5886
chr8,143582195,143583179,BAI1,40309
chr8,143666098,143667042,ARC,26264
chr8,144140754,144141309,LY6E,30268
chr8,144165700,144166571,LY6E,5164
chr8,144168499,144169198,LY6E,2451
chr8,144170666,144171510,LY6E,211
chr8,144487487,144487924,TOP1MT,719
chr8,144488613,144489391,TOP1MT,578
chr8,144557082,144557828,MAFA,26263
chr8,145020672,145020901,NRBP2,24599
chr8,145102614,145103135,hsa-mir-661,11440
chr8,145112867,145113553,PLEC1,8320
chr8,145486796,145487054,HSF1,848
chr8,145487056,145487530,HSF1,1216
chr8,145585331,145585876,hsa-mir-939,4649
chr8,145711280,145712026,RECQL4,2354
chr8,146254775,146255244,C8orf33,6380
chr8,146263689,146264039,C8orf33,15235
chr9,782416,782922,DMRT1,49020
chr9,923293,924061,DMRT3,43286
chr9,925507,925973,DMRT3,41223
chr9,1026665,1027600,DMRT2,13221
chr9,1040257,1040305,DMRT2,72
chr9,1040307,1040865,DMRT2,233
chr9,1327124,1327761,5S_rRNA,3606
chr9,1981280,1981892,RP11-443B9.1,13040
chr9,2865950,2866570,AL589675.5,50
chr9,4497770,4498387,SLC1A1,17635
chr9,4745936,4746533,AK3,14192
chr9,4842708,4843129,hsa-mir-101-2,2622
chr9,4843131,4843693,hsa-mir-101-2,3116
chr9,4852248,4852943,hsa-mir-101-2,12299
chr9,4856326,4857159,hsa-mir-101-2,16446
chr9,4857752,4858675,hsa-mir-101-2,17917
chr9,4919816,4920650,AL158147.17,15670
chr9,5258805,5259356,RLN2,35499
chr9,5430183,5430894,C9orf46,2661
chr9,5502100,5502837,PDCD1LG2,1890
chr9,6654639,6655224,RP11-106A1.3,2508
chr9,14396543,14397330,NFIB,8307
chr9,14885739,14886421,FREM1,14272
chr9,16901412,16902265,BNC2,41053
chr9,31535234,31536053,RP11-291J9.2,39700
chr9,32594288,32594687,TAF1L,31089
chr9,33022128,33022938,DNAJA1,7292
chr9,33096684,33097352,SMU1,21030
chr9,33153857,33154357,B4GALT1,3128
chr9,33189570,33190504,SPINK4,18325
chr9,33219334,33219938,SPINK4,11274
chr9,33224023,33224872,SPINK4,16085
chr9,33280611,33281414,NFX1,503
chr9,33319171,33319945,Y_RNA,23313
chr9,33364717,33365246,Y_RNA,22110
chr9,33430983,33431484,AQP3,6356
chr9,33572523,33573434,RP11-255A11.14,6601
chr9,33709830,33710427,RP11-384P7.3,24420
chr9,33808164,33808654,UBE2R2,1228
chr9,33912572,33913077,RP11-176F3.9,45691
chr9,33913079,33913134,RP11-176F3.9,45409
chr9,33913151,33913559,RP11-176F3.9,45160
chr9,33913561,33913565,RP11-176F3.9,44952
chr9,33913567,33913603,RP11-176F3.9,44930
chr9,33913605,33914069,RP11-176F3.9,44678
chr9,34624049,34624419,SIGMAR1,3533
chr9,34634562,34635437,GALT,1635
chr9,34971028,34971935,DNAJB5,8260
chr9,35016164,35016711,C9orf131,2295
chr9,35183591,35184565,UNC13B,32090
chr9,35507383,35508015,RP11-156G14.5,10139
chr9,35508017,35508778,RP11-156G14.5,10837
chr9,35647321,35647745,RNase_MRP,480
chr9,35654999,35655629,C9orf100,4295
chr9,37455189,37455604,ZBTB5,1
chr9,37492130,37493196,RP11-405L18.4,11774
chr9,37736536,37737092,RG9MTD3,6987
chr9,37789675,37790449,WDR32,727
chr9,38013172,38013573,SHB,45876
chr9,38014265,38014934,SHB,44649
chr9,38432905,38433749,RP11-403F21.1,10739
chr9,66572666,66573497,RP11-318K12.3,3876
chr9,72217829,72218281,KLF9,1337
chr9,73576657,73577364,TMEM2,3783
chr9,73584115,73585142,TMEM2,11401
chr9,73587730,73588491,TMEM2,14883
chr9,73797043,73797687,AL138751.18-1,31077
chr9,73814362,73815190,AL138751.18-1,48488
chr9,73831026,73831277,C9orf57,34189
chr9,75249943,75250879,RP11-404E6.1,30397
chr9,75645882,75646414,RP11-401G5.1,31878
chr9,76905632,76906447,OSTF1,12765
chr9,76956751,76957293,Y_RNA,29334
chr9,78785552,78786108,RP11-159H20.2,10773
chr9,79393144,79393822,RP11-111E2.1,8503
chr9,79401524,79401909,RP11-111E2.1,16736
chr9,79401911,79401960,RP11-111E2.1,16955
chr9,79401962,79401988,RP11-111E2.1,16995
chr9,79401990,79402547,RP11-111E2.1,17288
chr9,79468444,79468967,GNA14,15663
chr9,82498726,82499627,AL353707.14,39887
chr9,83200862,83201769,RP11-232A1.1,13698
chr9,83467978,83468829,AL365190.16,3246
chr9,84846566,84847146,RASEF,21006
chr9,84864058,84864807,RASEF,3430
chr9,85236940,85237286,AL161786.12,19894
chr9,85860994,85861653,RP11-158D2.1,22388
chr9,86502131,86502505,NTRK2,29033
chr9,86502507,86503019,NTRK2,29478
chr9,87931804,87932798,RP11-379P1.4,5084
chr9,89270496,89271168,DAPK1,31783
chr9,89480123,89480562,CTSL1,49911
chr9,89631771,89632364,XXyac-YM21GA2.6,9892
chr9,90149172,90149913,RPSAP49,20318
chr9,90331429,90331846,NXNL2,8202
chr9,90334840,90335318,NXNL2,4760
chr9,90803830,90804445,S1PR3,7956
chr9,90806112,90806481,S1PR3,10115
chr9,91239826,91240708,AL590233.23,4797
chr9,91452882,91453490,GADD45G,43439
chr9,91453492,91454162,GADD45G,44080
chr9,91866173,91866828,RP11-406A20.2,18120
chr9,92448427,92449100,DIRAS2,3836
chr9,93417917,93418466,RP11-8I8.1,4746
chr9,93954045,93954731,AL354751.7-4,7100
chr9,94467717,94468920,IPPK,4049
chr9,94569577,94570108,BICD2,2924
chr9,94855326,94855879,SUSD3,5207
chr9,94874297,94874784,SUSD3,13731
chr9,95336316,95336954,PHF2,42094
chr9,96361551,96361966,FBP2,34137
chr9,96441145,96441683,FBP1,209
chr9,96465923,96466698,FBP1,24687
chr9,96499887,96500467,C9orf118,19748
chr9,98082649,98083285,HSD17B3,21287
chr9,98947893,98948472,AL445670.19-2,24421
chr9,100021144,100021627,RP11-270F18.2,15445
chr9,100367452,100368071,RP11-207C11.2,41334
chr9,100650641,100651091,GALNT12,41065
chr9,100684278,100684701,RP11-92C4.4,8203
chr9,101621873,101622329,NR4A3,1856
chr9,107220745,107221166,FSD1L,29190
chr9,108677556,108678340,ZNF462,12750
chr9,108770693,108771475,RP11-508N12.3,10572
chr9,108933601,108934212,RP11-196I18.3,14976
chr9,109045641,109046599,RAD23B,39244
chr9,109240227,109240555,AL359552.16-1,20016
chr9,109325512,109326476,RP11-438P9.1,10497
chr9,109343591,109344429,RP11-438P9.2,1707
chr9,109349765,109350513,RP11-438P9.2,4422
chr9,109430788,109431384,U6,34261
chr9,109451795,109452323,U6,13288
chr9,109557475,109557971,AL162389.21-1,42224
chr9,109607239,109607864,AL162389.21-2,6464
chr9,109896172,109896825,RP11-240E2.3,3512
chr9,113719173,113719881,UGCG,20661
chr9,113814141,113814848,AL138756.23-1,15655
chr9,113835431,113836152,AL138756.23-1,36952
chr9,114186829,114187633,HSDL2,5194
chr9,114566800,114567617,SNX30,14254
chr9,114700757,114701530,SLC46A2,8233
chr9,114941454,114942244,SLC31A2,11209
chr9,115188954,115189802,HDHD3,10321
chr9,115267518,115268142,RGS3,5473
chr9,115297104,115297713,RGS3,35051
chr9,115686691,115687622,ZNF618,8777
chr9,115883065,115883426,AMBP,2710
chr9,115886361,115886988,AMBP,6139
chr9,116022001,116022298,hsa-mir-455,10615
chr9,116022300,116022665,hsa-mir-455,10948
chr9,116193860,116194397,AKNA,2377
chr9,116194695,116195480,AKNA,1418
chr9,116331117,116331936,DFNB31,23970
chr9,116347336,116347984,AL160275.14-1,19792
chr9,116354111,116354710,AL160275.14-1,13042
chr9,116359388,116360149,AL160275.14-1,7684
chr9,116360297,116360837,AL160275.14-1,6885
chr9,116421136,116421802,Y_RNA,3801
chr9,116421804,116422240,Y_RNA,4354
chr9,116710359,116710853,TNFSF8,21984
chr9,117952466,117953074,PAPPA,3121
chr9,121214391,121214966,DBC1,43113
chr9,121214968,121215424,DBC1,43631
chr9,122674932,122675694,PHF19,4113
chr9,123071218,123071548,AL513122.7,29207
chr9,123071550,123071633,AL513122.7,29415
chr9,124006875,124007649,LHX6,23778
chr9,124050802,124051513,MRRF,15598
chr9,124175377,124176247,PTGS1,2763
chr9,124598881,124599726,OR1K1,2919
chr9,124856694,124857348,RP11-123N4.4,8390
chr9,125117792,125118340,CRB2,40202
chr9,125129942,125130611,CRB2,27992
chr9,125879996,125880713,AL158052.10,26721
chr9,126072626,126073399,AL162724.16,807
chr9,126297541,126298586,NR5A1,11456
chr9,127340246,127340981,SRP_euk_arch,25307
chr9,127364009,127364405,RP11-12A16.2,33561
chr9,127396421,127396995,RP11-12A16.2,1060
chr9,128286339,128287047,AL356309.23,46397
chr9,128287279,128288035,AL356309.23,45433
chr9,128306008,128306627,AL356309.23,26773
chr9,128940972,128942150,ANGPTL2,16697
chr9,129039938,129040468,GARNL3,5003
chr9,129209628,129210173,SLC2A8,10615
chr9,129219072,129219860,ZNF79,7015
chr9,129220375,129220889,ZNF79,5849
chr9,129298088,129298780,Y_RNA,25460
chr9,129331872,129332619,FAM129B,48843
chr9,129347522,129348008,FAM129B,33323
chr9,129560883,129561543,SH2D3C,19526
chr9,129563899,129564651,SH2D3C,16464
chr9,129611456,129612014,FPGS,6761
chr9,129654379,129654945,ENG,2142
chr9,129730242,129730720,PIP5KL1,2505
chr9,129747721,129748099,DPM2,7955
chr9,129757464,129757837,DPM2,17695
chr9,129757839,129758504,DPM2,18216
chr9,129771612,129772479,FAM102A,10567
chr9,129828802,129829808,AL360268.14,20271
chr9,129857916,129858418,NAIF1,11044
chr9,129859207,129859907,NAIF1,9654
chr9,129860141,129860953,NAIF1,8664
chr9,129868394,129869023,NAIF1,503
chr9,129922537,129923005,PTGES2,7761
chr9,130100640,130101135,GOLGA2,22799
chr9,130101137,130101798,TRUB2,23050
chr9,130124536,130124950,COQ4,108
chr9,130831434,130832131,SH3GLB2,1383
chr9,130854385,130855181,AL592211.27,8937
chr9,130896073,130896534,AL158151.16-3,12947
chr9,130909318,130909913,AL158151.16-3,365
chr9,130978347,130978878,AL158151.16-1,258
chr9,130995675,130996309,IER5L,15631
chr9,131060491,131060820,AL158151.16-2,27839
chr9,131127007,131127466,C9orf106,4121
chr9,131151008,131152083,AL353803.23-1,21015
chr9,131208564,131209106,RP11-65J3.6,26266
chr9,131289043,131289262,AL391056.25-1,2588
chr9,131289264,131289338,AL391056.25-1,2439
chr9,131290706,131291286,AL391056.25-1,744
chr9,131291288,131291648,AL391056.25-1,272
chr9,131360667,131361345,AL391056.25-2,32655
chr9,131363129,131363754,AL391056.25-2,30220
chr9,131377536,131378324,AL391056.25-2,15731
chr9,131557101,131557751,PTGES,2262
chr9,131557753,131558286,PTGES,2855
chr9,131558345,131558717,PTGES,3367
chr9,131561973,131562598,PTGES,7121
chr9,131575735,131576537,RP11-5J2.2,17159
chr9,131989276,131989992,FREQ,14957
chr9,131992502,131992952,FREQ,18050
chr9,132298709,132299435,AL354898.10-3,3583
chr9,132316036,132316624,AL354898.10-1,1265
chr9,132453731,132454161,FUBP3,9166
chr9,132869693,132870660,LAMC3,4148
chr9,132957869,132957977,AIF1L,3809
chr9,132957979,132958077,AIF1L,3704
chr9,132958079,132958189,AIF1L,3598
chr9,133999170,133999669,NTNG2,27735
chr9,133999671,134000111,NTNG2,27263
chr9,134417820,134418304,BARHL1,29751
chr9,134418306,134418835,BARHL1,29243
chr9,135243072,135243502,C9orf96,10183
chr9,135815066,135815642,VAV2,32192
chr9,135954533,135954875,BRD3,31227
chr9,136369802,136370480,RXRA,12005
chr9,136388543,136389105,RXRA,30688
chr9,136390977,136391479,RXRA,33092
chr9,136406709,136407157,AL669970.10,41995
chr9,136427388,136428114,AL669970.10,21177
chr9,136444031,136444481,AL669970.10,4672
chr9,136724653,136725222,C9orf104,40428
chr9,136927371,136927885,FCN2,15154
chr9,136976900,136977752,FCN1,27697
chr9,136991863,136992780,FCN1,42692
chr9,137398313,137398745,C9orf62,23614
chr9,138272567,138272995,QSOX2,4726
chr9,138342191,138342834,GPSM1,760
chr9,138602560,138603209,AL590226.23-1,28234
chr9,138776405,138776988,LCN15,2089
chr9,138875213,138875820,EDF1,5042
chr9,139014959,139015947,CLIC3,4609
chr9,139089213,139089814,UAP1L1,2260
chr9,139126023,139126547,DPP7,2730
chr9,139187398,139187950,TMEM210,1375
chr9,139212265,139212932,C9orf75,2979
chr9,139288251,139288567,C9orf167,3689
chr9,139288569,139288834,C9orf167,3397
chr9,139528160,139528652,PNPLA7,36400
chr9,139528654,139528819,PNPLA7,36070
chr9,139528821,139529059,PNPLA7,35866
chr9,139529544,139530247,PNPLA7,34911
chr9,139534018,139534443,PNPLA7,30576
chr9,139708940,139709308,EHMT1,2315
chr9,139709310,139709671,EHMT1,1949
chr9,139919854,139920807,AL611925.27,13488
chrX,5330452,5331220,SNORA20,7326
chrX,7060358,7060834,HDHD1A,15592
chrX,9135233,9135911,RP11-430A19.2,28147
chrX,9349365,9350114,RP11-126O22.1,18949
chrX,9934933,9935698,WWC3,8479
chrX,9961015,9962139,WWC3,17783
chrX,10087703,10088685,CLCN4,3210
chrX,12875809,12876593,TMSB4X,26948
chrX,12917013,12917412,TMSB4X,14063
chrX,12957495,12957904,FAM9C,15021
chrX,12957906,12958455,FAM9C,14540
chrX,16519312,16520155,AL445467.6-2,35310
chrX,16533362,16533980,AL445467.6-2,21372
chrX,16590410,16591043,S100G,12525
chrX,16935161,16935909,SNORA16,37019
chrX,17699727,17700049,RP3-389A20.2,2450
chrX,17700051,17700066,RP3-389A20.2,2620
chrX,17700068,17700624,RP3-389A20.2,2908
chrX,17753836,17754218,RAI2,35249
chrX,18759618,18760176,RP3-499B10.3,7593
chrX,19784237,19785219,SH3KBP1,30911
chrX,20399377,20400217,AL807740.6,19645
chrX,21865442,21866119,SMS,2973
chrX,23430004,23430778,AC096507.7,4959
chrX,37648703,37649848,U6,34970
chrX,37656300,37657182,AL121578.5,33339
chrX,39639277,39639843,AL592164.6,29921
chrX,40252641,40253504,RP11-126D17.1,6062
chrX,40262335,40262932,RP11-126D17.1,3499
chrX,40274480,40275379,RP11-126D17.1,15795
chrX,40321701,40322154,ATP6AP2,3232
chrX,40322156,40322474,ATP6AP2,2844
chrX,40322476,40322915,ATP6AP2,2464
chrX,43437870,43438387,MAOA,37776
chrX,43438389,43438676,MAOA,38180
chrX,46848462,46849171,U6,16968
chrX,48206065,48207076,SLC38A5,6938
chrX,48391487,48392305,RP11-1148L6.6,12400
chrX,53311715,53312595,JARID1C,40827
chrX,53335093,53335661,IQSEC2,31869
chrX,53729771,53730488,HUWE1,268
chrX,54506533,54507345,TSR2,23362
chrX,54683708,54684665,AL109854.10,30957
chrX,67508990,67509850,Y_RNA,11779
chrX,67801524,67802355,STARD8,17711
chrX,69356788,69357662,AL357752.19-1,1665
chrX,70767268,70768279,CXCR3,12682
chrX,71505178,71505896,U2,8206
chrX,99887324,99887958,SYTL4,13878
chrX,100549245,100549789,GLA,139
chrX,102888029,102888593,GLRA4,18073
chrX,105432014,105432931,AL139812.11-1,24944
chrX,105605518,105606433,RP11-565G2.1,8650
chrX,106025061,106025757,RIPPLY1,7811
chrX,106473276,106473904,AC004081.1,9137
chrX,106730625,106731039,PRPS1,27570
chrX,109183429,109184267,hsa-mir-652,1364
chrX,109290822,109291622,AL359079.15,14540
chrX,109292622,109293313,AL359079.15,12795
chrX,109298099,109298593,AL359079.15,7416
chrX,109302820,109303539,AL359079.15,2583
chrX,109531843,109532310,RGAG1,16864
chrX,110516932,110517220,DCX,25182
chrX,114988906,114989396,SRP_euk_arch,33982
chrX,118538083,118538999,CXorf56,44850
chrX,119503543,119504261,LAMP2,16714
chrX,119690192,119691030,C1GALT1C1,42643
chrX,122068887,122069506,Z83848.1,10093
chrX,122181343,122182051,GRIA3,36011
chrX,128735292,128735961,SASH3,6014
chrX,128738358,128739199,SASH3,2862
chrX,130043022,130043792,RP13-102H20.1,23511
chrX,130405221,130405869,RP1-154J13.2,6221
chrX,130454599,130455556,RP1-154J13.3,537
chrX,130527615,130528333,RP11-324A3.1,3582
chrX,131142835,131143855,RAP2C,37796
chrX,133532039,133532878,hsa-mir-424,24052
chrX,133594960,133595516,RP11-308B5.4,17287
chrX,133632322,133632760,AL672032.6-1,6339
chrX,133679904,133680407,AL672032.6-1,41275
chrX,136453050,136453670,ZIC3,22651
chrX,139369953,139370584,RP11-51C14.2,10836
chrX,139374342,139375229,RP11-51C14.2,6319
chrX,139400442,139401179,SOX3,14523
chrX,139401882,139402883,SOX3,12951
chrX,139417848,139418815,SOX3,2998
chrX,149278543,149278979,MAMLD1,3447
chrX,149726334,149727235,AF274573.4-1,3620
chrX,151834564,151835138,ZNF185,1199
chrX,152299428,152300192,U82695.3,17690
chrX,153039854,153040236,OPN1LW,22893
chrX,153040238,153040440,OPN1LW,22599
chrX,153255723,153256101,FLNA,275
chrX,153256103,153256451,FLNA,90
chrX,153301214,153301951,DNASE1L1,7962
chrX,153372145,153373175,SLC10A3,465
chrX,153375046,153375835,SRP_euk_arch,2216
chrX,153420278,153420866,IKBKG,3099
chrX,153422308,153423030,IKBKG,1002
chrX,153423079,153423507,IKBKG,378
chrX,153531064,153531565,AF277315.10,1572
chrX,153531567,153532269,AF277315.10,2176
chrY,10632146,10632738,AC010970.1,7464
chrY,11920781,11921185,AC134882.2-2,1610
chrY,11925816,11926326,AC134882.2-2,3478
chrY,11926328,11926738,AC134882.2-2,3940
chrY,11926776,11927215,AC134882.2-2,4402
chrY,11941398,11941777,AC134882.2-1,6419
chrY,57394421,57394893,AC025226.2,16121
chrY,57394980,57395333,AC025226.2,15622
chrY,57395382,57395720,AC025226.2,15227
chrY,57399717,57399897,AC025226.2,10971
chrY,57399899,57400047,AC025226.2,10805
chrY,57400049,57400315,AC025226.2,10596
chrY,57401935,57402206,AC025226.2,8708
chrY,57402208,57402342,AC025226.2,8503
